{
  "compiled": true,
  "correct": true,
  "latency_ms": 2.7205439805984497,
  "ref_latency_ms": 2.673408031463623,
  "speedup": 0.9826740719977415,
  "error": null,
  "stage_s": {
    "reference_import": 0.000186665000001085,
    "candidate_compile_import": 0.055153887000415125,
    "model_init": 0.00015532199995504925,
    "correctness": 2.748072644999411,
    "reference_benchmark": 0.29695094900034746,
    "candidate_benchmark": 0.30478545500045584,
    "total": 5.268503627999962
  },
  "correctness_trials_requested": 5,
  "correctness_trials_executed": 5,
  "warmup": 10,
  "timing_iters": 100,
  "compile_attempts": 1,
  "profile_runs": 220,
  "ref_latency_samples_ms": [
    2.692352056503296,
    2.678175926208496,
    2.6755199432373047,
    2.6739840507507324,
    2.6735360622406006,
    2.6762239933013916,
    2.673664093017578,
    2.675679922103882,
    2.671999931335449,
    2.674976110458374,
    2.67740797996521,
    2.67193603515625,
    2.676543951034546,
    2.6718719005584717,
    2.671231985092163,
    2.6710400581359863,
    2.676543951034546,
    2.671135902404785,
    2.672096014022827,
    2.671679973602295,
    2.6752960681915283,
    2.6702399253845215,
    2.6728639602661133,
    2.67193603515625,
    2.6743040084838867,
    2.672703981399536,
    2.6728320121765137,
    2.673504114151001,
    2.6704320907592773,
    2.670367956161499,
    2.6712958812713623,
    2.673664093017578,
    2.6738879680633545,
    2.671776056289673,
    2.6729280948638916,
    2.6746559143066406,
    2.673408031463623,
    2.6723520755767822,
    2.676896095275879,
    2.674623966217041,
    2.6703999042510986,
    2.67193603515625,
    2.6749119758605957,
    2.6705920696258545,
    2.6723520755767822,
    2.6765120029449463,
    2.674207925796509,
    2.6721599102020264,
    2.6724159717559814,
    2.672287940979004,
    2.674367904663086,
    2.6735360622406006,
    2.671135902404785,
    2.67411208152771,
    2.6725759506225586,
    2.673504114151001,
    2.6721279621124268,
    2.6775999069213867,
    2.6743040084838867,
    2.6721279621124268,
    2.672287940979004,
    2.674880027770996,
    2.673408031463623,
    2.669663906097412,
    2.6710400581359863,
    2.6739840507507324,
    2.676192045211792,
    2.6734719276428223,
    2.6778879165649414,
    2.6703999042510986,
    2.6703999042510986,
    2.672991991043091,
    2.674207925796509,
    2.674015998840332,
    2.6731839179992676,
    2.673408031463623,
    2.673311948776245,
    2.672607898712158,
    2.6759679317474365,
    2.6722559928894043,
    2.6781439781188965,
    2.688447952270508,
    2.6797759532928467,
    2.6746881008148193,
    2.6744959354400635,
    2.672544002532959,
    2.672640085220337,
    2.676192045211792,
    2.672096014022827,
    2.677567958831787,
    2.671776056289673,
    2.673311948776245,
    2.6707520484924316,
    2.6692800521850586,
    2.6773440837860107,
    2.6716480255126953,
    2.6736960411071777,
    2.671488046646118,
    2.6756160259246826,
    2.674880027770996
  ],
  "latency_samples_ms": [
    2.824160099029541,
    2.814079999923706,
    2.817823886871338,
    2.8072640895843506,
    2.8101439476013184,
    2.822240114212036,
    2.7831039428710938,
    2.7669119834899902,
    2.779360055923462,
    2.769695997238159,
    2.7635200023651123,
    2.770303964614868,
    2.765791893005371,
    2.7822399139404297,
    2.767359972000122,
    2.7661759853363037,
    2.76857590675354,
    2.7634880542755127,
    2.7720959186553955,
    2.76963210105896,
    2.7680959701538086,
    2.7651519775390625,
    2.769023895263672,
    2.7695999145507812,
    2.7674880027770996,
    2.7680320739746094,
    2.7689599990844727,
    2.7667839527130127,
    2.7669761180877686,
    2.7652480602264404,
    2.77622389793396,
    2.771199941635132,
    2.7628800868988037,
    2.768127918243408,
    2.7667839527130127,
    2.7814080715179443,
    2.7652480602264404,
    2.777247905731201,
    2.768415927886963,
    2.7622718811035156,
    2.768831968307495,
    2.762687921524048,
    2.712768077850342,
    2.7035839557647705,
    2.7055680751800537,
    2.7037758827209473,
    2.704767942428589,
    2.7033920288085938,
    2.706912040710449,
    2.7027840614318848,
    2.715712070465088,
    2.7054080963134766,
    2.7042880058288574,
    2.7033920288085938,
    2.7000958919525146,
    2.7038400173187256,
    2.7039361000061035,
    2.7028799057006836,
    2.7083520889282227,
    2.706399917602539,
    2.705440044403076,
    2.7018239498138428,
    2.6997439861297607,
    2.7026560306549072,
    2.707616090774536,
    2.7137598991394043,
    2.702752113342285,
    2.709696054458618,
    2.69651198387146,
    2.706912040710449,
    2.7092480659484863,
    2.702239990234375,
    2.703360080718994,
    2.69868803024292,
    2.7044479846954346,
    2.7021119594573975,
    2.699104070663452,
    2.7014400959014893,
    2.7055680751800537,
    2.7037758827209473,
    2.795167922973633,
    2.759200096130371,
    2.7400319576263428,
    2.7304959297180176,
    2.7236480712890625,
    2.728224039077759,
    2.724575996398926,
    2.7192959785461426,
    2.7149438858032227,
    2.721791982650757,
    2.7044479846954346,
    2.6985599994659424,
    2.703295946121216,
    2.701375961303711,
    2.7020480632781982,
    2.7028799057006836,
    2.6994879245758057,
    2.706592082977295,
    2.6964480876922607,
    2.7061119079589844
  ]
}