{
  "compiled": true,
  "correct": true,
  "latency_ms": 9.357647895812988,
  "ref_latency_ms": 2.654416084289551,
  "speedup": 0.2836627445105356,
  "error": null,
  "stage_s": {
    "reference_import": 0.0001645339998503914,
    "candidate_compile_import": 0.05333791300017765,
    "model_init": 0.00013163000039639883,
    "correctness": 5.499133575000087,
    "reference_benchmark": 0.29460140599985607,
    "candidate_benchmark": 1.0327629900002648,
    "total": 8.669807383000261
  },
  "correctness_trials_requested": 5,
  "correctness_trials_executed": 5,
  "warmup": 10,
  "timing_iters": 100,
  "compile_attempts": 1,
  "profile_runs": 220,
  "ref_latency_samples_ms": [
    2.672895908355713,
    2.657344102859497,
    2.6558399200439453,
    2.6553919315338135,
    2.6537280082702637,
    2.651968002319336,
    2.6532158851623535,
    2.6544320583343506,
    2.654815912246704,
    2.653791904449463,
    2.652575969696045,
    2.6534080505371094,
    2.6544320583343506,
    2.65446400642395,
    2.6546239852905273,
    2.653280019760132,
    2.655519962310791,
    2.65500807762146,
    2.6552319526672363,
    2.6618878841400146,
    2.669503927230835,
    2.6770880222320557,
    2.671488046646118,
    2.6378560066223145,
    2.644416093826294,
    2.636863946914673,
    2.636255979537964,
    2.6431679725646973,
    2.6358399391174316,
    2.6342079639434814,
    2.644160032272339,
    2.6352319717407227,
    2.6362879276275635,
    2.648927927017212,
    2.6397759914398193,
    2.6364479064941406,
    2.639552116394043,
    2.6355841159820557,
    2.6355199813842773,
    2.6337599754333496,
    2.632960081100464,
    2.6355199813842773,
    2.6375041007995605,
    2.6356799602508545,
    2.6353919506073,
    2.6383039951324463,
    2.6361279487609863,
    2.6353280544281006,
    2.65395188331604,
    2.6461760997772217,
    2.65993595123291,
    2.655424118041992,
    2.653439998626709,
    2.65664005279541,
    2.653503894805908,
    2.6546239852905273,
    2.654047966003418,
    2.654207944869995,
    2.653503894805908,
    2.6531200408935547,
    2.653696060180664,
    2.6536641120910645,
    2.6530239582061768,
    2.6550400257110596,
    2.654655933380127,
    2.6547200679779053,
    2.658400058746338,
    2.656287908554077,
    2.6564478874206543,
    2.6559040546417236,
    2.665055990219116,
    2.6559360027313232,
    2.654207944869995,
    2.6565439701080322,
    2.652928113937378,
    2.6552000045776367,
    2.654400110244751,
    2.655616044998169,
    2.655263900756836,
    2.655519962310791,
    2.6539840698242188,
    2.6549758911132812,
    2.6549439430236816,
    2.6589438915252686,
    2.6552000045776367,
    2.6562559604644775,
    2.6549439430236816,
    2.670720100402832,
    2.661184072494507,
    2.6783359050750732,
    2.655359983444214,
    2.6542720794677734,
    2.654655933380127,
    2.652992010116577,
    2.657439947128296,
    2.6552319526672363,
    2.654655933380127,
    2.6543359756469727,
    2.6567680835723877,
    2.6548800468444824
  ],
  "latency_samples_ms": [
    9.358367919921875,
    9.331551551818848,
    9.411231994628906,
    9.320735931396484,
    9.339712142944336,
    9.416064262390137,
    9.435680389404297,
    9.434399604797363,
    9.336000442504883,
    9.371328353881836,
    9.314528465270996,
    9.295904159545898,
    9.402336120605469,
    9.376768112182617,
    9.32697582244873,
    9.310272216796875,
    9.426048278808594,
    9.39254379272461,
    9.382335662841797,
    9.341376304626465,
    9.36780834197998,
    9.356512069702148,
    9.423839569091797,
    9.312159538269043,
    9.365599632263184,
    9.28332805633545,
    9.390368461608887,
    9.401503562927246,
    9.378687858581543,
    9.288384437561035,
    9.378591537475586,
    9.373215675354004,
    9.367775917053223,
    9.363136291503906,
    9.389663696289062,
    9.296128273010254,
    9.363967895507812,
    9.32470417022705,
    9.303168296813965,
    9.336288452148438,
    9.338784217834473,
    9.487296104431152,
    9.390111923217773,
    9.357952117919922,
    9.419584274291992,
    9.35961627960205,
    9.410880088806152,
    9.346272468566895,
    9.389887809753418,
    9.393952369689941,
    9.325247764587402,
    9.339072227478027,
    9.274527549743652,
    9.341440200805664,
    9.334015846252441,
    9.345727920532227,
    9.422880172729492,
    9.340736389160156,
    9.314623832702637,
    9.38268756866455,
    9.327391624450684,
    9.334912300109863,
    9.299615859985352,
    9.441856384277344,
    9.430144309997559,
    9.397600173950195,
    9.300704002380371,
    9.320192337036133,
    9.44438362121582,
    9.346847534179688,
    9.323807716369629,
    9.321439743041992,
    9.374624252319336,
    9.2193603515625,
    9.33289623260498,
    9.328319549560547,
    9.331456184387207,
    9.295071601867676,
    9.270432472229004,
    9.355456352233887,
    9.319583892822266,
    9.304703712463379,
    9.358240127563477,
    9.399423599243164,
    9.424287796020508,
    9.376192092895508,
    9.285856246948242,
    9.29139232635498,
    9.362431526184082,
    9.397536277770996,
    9.36684799194336,
    9.399423599243164,
    9.349087715148926,
    9.37161636352539,
    9.321887969970703,
    9.376543998718262,
    9.373536109924316,
    9.428768157958984,
    9.357343673706055,
    9.353055953979492
  ]
}