{
  "timestamp": "2026-07-16T14:27:37",
  "reference_file": "/home/bi_geum/official_matrix_64/third_party/KernelBench/KernelBench/level1/1_Square_matrix_multiplication_.py",
  "candidate_file": "/home/bi_geum/official_matrix_64/runs/cudaforge_qwen14b_kernelbench_all250_round1_repeat1_temp0.2/1_Square_matrix_multiplication___rep0/candidates/cudaforge_run/20260716_142646_1_Square_matrix_multiplication__vllm_qwen14b/1_Square_matrix_multiplication_/code/kernel_20260716_142652.py",
  "tolerance": 0.001,
  "max_abs_err": 0.0,
  "mean_abs_err": 0.0,
  "ref_latency_ms": {
    "avg": 2.696360003948212,
    "min": 2.689120054244995,
    "max": 2.712928056716919,
    "all": [
      2.712928056716919,
      2.7021119594573975,
      2.6929280757904053,
      2.697376012802124,
      2.697535991668701,
      2.6913280487060547,
      2.6941120624542236,
      2.7071359157562256,
      2.695103883743286,
      2.6943359375,
      2.689120054244995,
      2.694175958633423,
      2.6955840587615967,
      2.69267201423645,
      2.6989119052886963,
      2.698080062866211,
      2.6928958892822266,
      2.6929919719696045,
      2.694080114364624,
      2.6937921047210693
    ]
  },
  "test_latency_ms": {
    "avg": 26.02085590362549,
    "min": 26.011808395385742,
    "max": 26.045440673828125,
    "all": [
      26.021535873413086,
      26.014495849609375,
      26.011808395385742,
      26.019840240478516,
      26.02035140991211,
      26.019424438476562,
      26.021312713623047,
      26.023359298706055,
      26.01532745361328,
      26.01862335205078,
      26.021215438842773,
      26.023487091064453,
      26.018463134765625,
      26.02022361755371,
      26.023103713989258,
      26.02217674255371,
      26.014944076538086,
      26.013280868530273,
      26.028703689575195,
      26.045440673828125
    ]
  },
  "num_runs": 20,
  "model_init_args": [],
  "model_init_kwargs": {},
  "seed": 100,
  "align_stats": {
    "copied_same_shape": 0,
    "unique_shape_copied": 0,
    "mapped_shape": 0,
    "skipped": 0,
    "pair_aligner": 0,
    "pair_key": "Model->ModelNew"
  },
  "runnable": true,
  "phase": "seed",
  "score": 0.10362303276782404
}