{
  "compiled": true,
  "correct": true,
  "latency_ms": 15.315055847167969,
  "ref_latency_ms": 2.673919916152954,
  "speedup": 0.17459419951429106,
  "error": null,
  "stage_s": {
    "reference_import": 0.00018985799943038728,
    "candidate_compile_import": 0.0012297729990677908,
    "model_init": 0.00011337799878674559,
    "correctness": 1.7711188019984547,
    "reference_benchmark": 0.2969084149990522,
    "candidate_benchmark": 1.6879402560007293,
    "total": 5.531304001000535
  },
  "correctness_trials_requested": 5,
  "correctness_trials_executed": 5,
  "warmup": 10,
  "timing_iters": 100,
  "compile_attempts": 1,
  "profile_runs": 220,
  "ref_latency_samples_ms": [
    2.6960959434509277,
    2.6776320934295654,
    2.6751039028167725,
    2.676896095275879,
    2.680448055267334,
    2.672800064086914,
    2.6722240447998047,
    2.6754560470581055,
    2.6723198890686035,
    2.6711039543151855,
    2.6751999855041504,
    2.6755518913269043,
    2.6733438968658447,
    2.670720100402832,
    2.6804161071777344,
    2.672991991043091,
    2.6719679832458496,
    2.672096014022827,
    2.673408031463623,
    2.672895908355713,
    2.6704959869384766,
    2.6709439754486084,
    2.670720100402832,
    2.6697919368743896,
    2.6751999855041504,
    2.6758079528808594,
    2.672703981399536,
    2.6710400581359863,
    2.671488046646118,
    2.6740798950195312,
    2.6725759506225586,
    2.672192096710205,
    2.6717119216918945,
    2.6797759532928467,
    2.6786880493164062,
    2.673408031463623,
    2.671168088912964,
    2.672384023666382,
    2.6711039543151855,
    2.6704959869384766,
    2.679327964782715,
    2.6740479469299316,
    2.675391912460327,
    2.6722240447998047,
    2.6764159202575684,
    2.6744959354400635,
    2.6703040599823,
    2.6740479469299316,
    2.6798720359802246,
    2.6723198890686035,
    2.6736960411071777,
    2.676959991455078,
    2.6748158931732178,
    2.6721599102020264,
    2.6771841049194336,
    2.6749439239501953,
    2.670559883117676,
    2.6715519428253174,
    2.670912027359009,
    2.67574405670166,
    2.685823917388916,
    2.674720048904419,
    2.674976110458374,
    2.6752960681915283,
    2.6825919151306152,
    2.6759679317474365,
    2.6763839721679688,
    2.673408031463623,
    2.671839952468872,
    2.6763839721679688,
    2.67903995513916,
    2.672800064086914,
    2.670464038848877,
    2.6691200733184814,
    2.743839979171753,
    2.676352024078369,
    2.6756160259246826,
    2.676255941390991,
    2.6777920722961426,
    2.6755199432373047,
    2.6723520755767822,
    2.681056022644043,
    2.6770238876342773,
    2.6735999584198,
    2.672607898712158,
    2.677759885787964,
    2.6715519428253174,
    2.67142391204834,
    2.6753599643707275,
    2.679840087890625,
    2.674527883529663,
    2.677216053009033,
    2.677151918411255,
    2.680288076400757,
    2.6722240447998047,
    2.673311948776245,
    2.6737918853759766,
    2.6722559928894043,
    2.6721599102020264,
    2.6706879138946533
  ],
  "latency_samples_ms": [
    15.342656135559082,
    15.32249641418457,
    15.315135955810547,
    15.324928283691406,
    15.311519622802734,
    15.312800407409668,
    15.312224388122559,
    15.312576293945312,
    15.315744400024414,
    15.312735557556152,
    15.312607765197754,
    15.321056365966797,
    15.311455726623535,
    15.31379222869873,
    15.314496040344238,
    15.32140827178955,
    15.315232276916504,
    15.321375846862793,
    15.31503963470459,
    15.313376426696777,
    15.313088417053223,
    15.31164836883545,
    15.310688018798828,
    15.313471794128418,
    15.338175773620605,
    15.345727920532227,
    15.331520080566406,
    15.337151527404785,
    15.33801555633545,
    15.333439826965332,
    15.314271926879883,
    15.322463989257812,
    15.309696197509766,
    15.310272216796875,
    15.31065559387207,
    15.310784339904785,
    15.312607765197754,
    15.312543869018555,
    15.312159538269043,
    15.3123197555542,
    15.312576293945312,
    15.313407897949219,
    15.310336112976074,
    15.315423965454102,
    15.311519622802734,
    15.314528465270996,
    15.311200141906738,
    15.313216209411621,
    15.321760177612305,
    15.309920310974121,
    15.315936088562012,
    15.318047523498535,
    15.3154878616333,
    15.31824016571045,
    15.316448211669922,
    15.312288284301758,
    15.328864097595215,
    15.33743953704834,
    15.339103698730469,
    15.334400177001953,
    15.334176063537598,
    15.333696365356445,
    15.327232360839844,
    15.313152313232422,
    15.31283187866211,
    15.313599586486816,
    15.312031745910645,
    15.310751914978027,
    15.32367992401123,
    15.309503555297852,
    15.315072059631348,
    15.321120262145996,
    15.311327934265137,
    15.312959671020508,
    15.320416450500488,
    15.310015678405762,
    15.323136329650879,
    15.313088417053223,
    15.317248344421387,
    15.314016342163086,
    15.314528465270996,
    15.325728416442871,
    15.316767692565918,
    15.313983917236328,
    15.325471878051758,
    15.315103530883789,
    15.313568115234375,
    15.32249641418457,
    15.31987190246582,
    15.339455604553223,
    15.334400177001953,
    15.33852767944336,
    15.337504386901855,
    15.336064338684082,
    15.332351684570312,
    15.319744110107422,
    15.310303688049316,
    15.309056282043457,
    15.322688102722168,
    15.312864303588867
  ]
}