{
  "compiled": true,
  "correct": true,
  "latency_ms": 2.672976016998291,
  "ref_latency_ms": 2.6734880208969116,
  "speedup": 1.0001915482575843,
  "error": null,
  "stage_s": {
    "reference_import": 0.00016218099995057855,
    "candidate_compile_import": 0.00048023199997260235,
    "model_init": 0.00012158599997746933,
    "correctness": 1.3616993289999755,
    "reference_benchmark": 0.2967730330000222,
    "candidate_benchmark": 0.2967233509999687,
    "total": 3.7220076840000047
  },
  "correctness_trials_requested": 5,
  "correctness_trials_executed": 5,
  "warmup": 10,
  "timing_iters": 100,
  "compile_attempts": 1,
  "profile_runs": 220,
  "ref_latency_samples_ms": [
    2.689120054244995,
    2.6780478954315186,
    2.6701440811157227,
    2.6712639331817627,
    2.676192045211792,
    2.671679973602295,
    2.671072006225586,
    2.6744000911712646,
    2.6704320907592773,
    2.6771841049194336,
    2.6700479984283447,
    2.674367904663086,
    2.6715199947357178,
    2.6733438968658447,
    2.6712000370025635,
    2.67305588722229,
    2.672544002532959,
    2.6719040870666504,
    2.6707520484924316,
    2.6796159744262695,
    2.673504114151001,
    2.6747519969940186,
    2.672640085220337,
    2.673759937286377,
    2.6703040599823,
    2.6723520755767822,
    2.674976110458374,
    2.674272060394287,
    2.671488046646118,
    2.6770880222320557,
    2.6772799491882324,
    2.6743359565734863,
    2.6728320121765137,
    2.6765120029449463,
    2.671328067779541,
    2.6713600158691406,
    2.6731839179992676,
    2.6748480796813965,
    2.6720640659332275,
    2.676095962524414,
    2.6726720333099365,
    2.676800012588501,
    2.670464038848877,
    2.672287940979004,
    2.6712639331817627,
    2.674560070037842,
    2.6747519969940186,
    2.672096014022827,
    2.674272060394287,
    2.6775360107421875,
    2.6701760292053223,
    2.668895959854126,
    2.6746559143066406,
    2.6713919639587402,
    2.6733438968658447,
    2.6717441082000732,
    2.675071954727173,
    2.6734719276428223,
    2.6727681159973145,
    2.6777279376983643,
    2.674272060394287,
    2.6705920696258545,
    2.6730880737304688,
    2.673408031463623,
    2.673759937286377,
    2.671488046646118,
    2.670367956161499,
    2.673919916152954,
    2.671679973602295,
    2.6707520484924316,
    2.669951915740967,
    2.6738240718841553,
    2.6714560985565186,
    2.6715199947357178,
    2.67740797996521,
    2.677567958831787,
    2.672703981399536,
    2.672096014022827,
    2.67523193359375,
    2.6716480255126953,
    2.670527935028076,
    2.6732800006866455,
    2.6753599643707275,
    2.674272060394287,
    2.6736960411071777,
    2.6744320392608643,
    2.676255941390991,
    2.6743359565734863,
    2.672544002532959,
    2.675391912460327,
    2.675328016281128,
    2.6740479469299316,
    2.676095962524414,
    2.676448106765747,
    2.6740798950195312,
    2.674527883529663,
    2.6747519969940186,
    2.680255889892578,
    2.680704116821289,
    2.673856019973755
  ],
  "latency_samples_ms": [
    2.6803839206695557,
    2.6789441108703613,
    2.672991991043091,
    2.6734719276428223,
    2.6725120544433594,
    2.6786880493164062,
    2.6734719276428223,
    2.6698238849639893,
    2.671488046646118,
    2.673151969909668,
    2.6701760292053223,
    2.671999931335449,
    2.6745920181274414,
    2.6735680103302,
    2.6704959869384766,
    2.6725120544433594,
    2.6763200759887695,
    2.674560070037842,
    2.672960042953491,
    2.6703999042510986,
    2.6749439239501953,
    2.6721279621124268,
    2.6730239391326904,
    2.680351972579956,
    2.6743040084838867,
    2.6712958812713623,
    2.672607898712158,
    2.674976110458374,
    2.6713600158691406,
    2.672032117843628,
    2.6729280948638916,
    2.675839900970459,
    2.6732800006866455,
    2.6734399795532227,
    2.672607898712158,
    2.673759937286377,
    2.6712958812713623,
    2.671072006225586,
    2.684544086456299,
    2.6728639602661133,
    2.6691200733184814,
    2.6712639331817627,
    2.6728639602661133,
    2.670016050338745,
    2.6719040870666504,
    2.6712000370025635,
    2.672895908355713,
    2.67305588722229,
    2.6704320907592773,
    2.674272060394287,
    2.6753599643707275,
    2.6702721118927,
    2.669951915740967,
    2.6735999584198,
    2.673919916152954,
    2.6719679832458496,
    2.6729280948638916,
    2.674207925796509,
    2.672607898712158,
    2.6768639087677,
    2.670367956161499,
    2.6744000911712646,
    2.6707839965820312,
    2.6751999855041504,
    2.6739840507507324,
    2.677216053009033,
    2.6740479469299316,
    2.6733438968658447,
    2.672544002532959,
    2.6703999042510986,
    2.6721279621124268,
    2.671679973602295,
    2.6722559928894043,
    2.6743040084838867,
    2.6744320392608643,
    2.670975923538208,
    2.672544002532959,
    2.6725120544433594,
    2.6708478927612305,
    2.6732161045074463,
    2.676192045211792,
    2.6731200218200684,
    2.671999931335449,
    2.674783945083618,
    2.670016050338745,
    2.6713600158691406,
    2.670912027359009,
    2.6756160259246826,
    2.67193603515625,
    2.6743040084838867,
    2.672544002532959,
    2.683072090148926,
    2.676352024078369,
    2.6727681159973145,
    2.6794240474700928,
    2.677311897277832,
    2.675935983657837,
    2.673952102661133,
    2.677248001098633,
    2.6740798950195312
  ]
}