{
  "compiled": true,
  "correct": true,
  "latency_ms": 2.673840045928955,
  "ref_latency_ms": 2.6740798950195312,
  "speedup": 1.0000897021087485,
  "error": null,
  "stage_s": {
    "reference_import": 0.000270744999852468,
    "candidate_compile_import": 0.0005737010001212184,
    "model_init": 0.00015122600007089204,
    "correctness": 1.5859663680002996,
    "reference_benchmark": 0.2968480570002612,
    "candidate_benchmark": 0.29692035400012173,
    "total": 4.159403695000037
  },
  "correctness_trials_requested": 5,
  "correctness_trials_executed": 5,
  "warmup": 10,
  "timing_iters": 100,
  "compile_attempts": 1,
  "profile_runs": 220,
  "ref_latency_samples_ms": [
    2.6852478981018066,
    2.6750400066375732,
    2.675328016281128,
    2.6765120029449463,
    2.672703981399536,
    2.6729280948638916,
    2.6715519428253174,
    2.671488046646118,
    2.6715199947357178,
    2.6707839965820312,
    2.6722559928894043,
    2.6727681159973145,
    2.6724159717559814,
    2.6732161045074463,
    2.673856019973755,
    2.6712000370025635,
    2.6713919639587402,
    2.671999931335449,
    2.672447919845581,
    2.6737918853759766,
    2.671072006225586,
    2.670527935028076,
    2.6704959869384766,
    2.6812479496002197,
    2.6724801063537598,
    2.6684799194335938,
    2.674560070037842,
    2.67574405670166,
    2.6717441082000732,
    2.672607898712158,
    2.673952102661133,
    2.6731839179992676,
    2.6718080043792725,
    2.6754560470581055,
    2.6710400581359863,
    2.6733438968658447,
    2.6723198890686035,
    2.671168088912964,
    2.670111894607544,
    2.6722559928894043,
    2.6701760292053223,
    2.6715519428253174,
    2.672544002532959,
    2.6727681159973145,
    2.672703981399536,
    2.674175977706909,
    2.6724159717559814,
    2.674560070037842,
    2.6721279621124268,
    2.67574405670166,
    2.6770880222320557,
    2.6764800548553467,
    2.676703929901123,
    2.676192045211792,
    2.676800012588501,
    2.6748480796813965,
    2.6765120029449463,
    2.6758720874786377,
    2.673759937286377,
    2.678719997406006,
    2.6771199703216553,
    2.678879976272583,
    2.6774399280548096,
    2.681823968887329,
    2.6772799491882324,
    2.6740798950195312,
    2.6756479740142822,
    2.6765758991241455,
    2.6768319606781006,
    2.679487943649292,
    2.674527883529663,
    2.6761279106140137,
    2.6795198917388916,
    2.674880027770996,
    2.67523193359375,
    2.6781439781188965,
    2.674880027770996,
    2.680799961090088,
    2.675328016281128,
    2.677759885787964,
    2.674560070037842,
    2.6774721145629883,
    2.680191993713379,
    2.676959991455078,
    2.6785919666290283,
    2.6742401123046875,
    2.6740798950195312,
    2.6735360622406006,
    2.6748480796813965,
    2.673919916152954,
    2.67411208152771,
    2.673248052597046,
    2.6710400581359863,
    2.6723198890686035,
    2.674175977706909,
    2.6722559928894043,
    2.672287940979004,
    2.6724801063537598,
    2.6791040897369385,
    2.6738879680633545
  ],
  "latency_samples_ms": [
    2.6763200759887695,
    2.673856019973755,
    2.673151969909668,
    2.6731839179992676,
    2.6717441082000732,
    2.6730239391326904,
    2.6714560985565186,
    2.672384023666382,
    2.673311948776245,
    2.6724159717559814,
    2.678272008895874,
    2.6744000911712646,
    2.672287940979004,
    2.6700479984283447,
    2.6710400581359863,
    2.672447919845581,
    2.6725120544433594,
    2.6728639602661133,
    2.6738240718841553,
    2.6762239933013916,
    2.6744959354400635,
    2.6744959354400635,
    2.6735999584198,
    2.6736960411071777,
    2.6711039543151855,
    2.680191993713379,
    2.6717441082000732,
    2.670912027359009,
    2.675391912460327,
    2.672544002532959,
    2.6729280948638916,
    2.672991991043091,
    2.6730880737304688,
    2.6722240447998047,
    2.6736960411071777,
    2.673759937286377,
    2.6703040599823,
    2.671583890914917,
    2.670880079269409,
    2.6781439781188965,
    2.671072006225586,
    2.671999931335449,
    2.6729280948638916,
    2.672192096710205,
    2.6719040870666504,
    2.6721279621124268,
    2.670016050338745,
    2.6770238876342773,
    2.674367904663086,
    2.671999931335449,
    2.6737279891967773,
    2.6739840507507324,
    2.6730880737304688,
    2.67193603515625,
    2.6711039543151855,
    2.6730880737304688,
    2.673151969909668,
    2.6733438968658447,
    2.6723198890686035,
    2.6737918853759766,
    2.6772799491882324,
    2.674272060394287,
    2.674207925796509,
    2.675584077835083,
    2.67958402633667,
    2.6755199432373047,
    2.6763839721679688,
    2.678879976272583,
    2.675391912460327,
    2.675168037414551,
    2.6759679317474365,
    2.6795520782470703,
    2.674560070037842,
    2.686944007873535,
    2.6912639141082764,
    2.693311929702759,
    2.696415901184082,
    2.683072090148926,
    2.679487943649292,
    2.6782400608062744,
    2.681312084197998,
    2.6758079528808594,
    2.674783945083618,
    2.691103935241699,
    2.6844160556793213,
    2.674880027770996,
    2.6935360431671143,
    2.6827199459075928,
    2.6816000938415527,
    2.6817920207977295,
    2.6803839206695557,
    2.6838719844818115,
    2.6754560470581055,
    2.679231882095337,
    2.6813440322875977,
    2.6776959896087646,
    2.6781439781188965,
    2.6722559928894043,
    2.671328067779541,
    2.6718080043792725
  ]
}