{
  "compiled": true,
  "correct": true,
  "latency_ms": 12.685743808746338,
  "ref_latency_ms": 8.816096305847168,
  "speedup": 0.6949609292731267,
  "error": null,
  "stage_s": {
    "reference_import": 0.00019938498735427856,
    "candidate_compile_import": 33.94372540997574,
    "model_init": 0.00011061696568503976,
    "correctness": 24.469183921988588,
    "reference_benchmark": 0.9828420859994367,
    "candidate_benchmark": 1.4104265549685806,
    "total": 71.39908788300818
  },
  "correctness_trials_requested": 5,
  "correctness_trials_executed": 5,
  "warmup": 10,
  "timing_iters": 100,
  "compile_attempts": 1,
  "profile_runs": 220,
  "ref_latency_samples_ms": [
    8.840831756591797,
    8.817824363708496,
    8.821056365966797,
    8.818047523498535,
    8.82908821105957,
    8.814720153808594,
    8.821696281433105,
    8.812224388122559,
    8.819104194641113,
    8.80720043182373,
    8.815008163452148,
    8.816864013671875,
    8.81657600402832,
    8.819711685180664,
    8.817215919494629,
    8.809120178222656,
    8.818400382995605,
    8.816479682922363,
    8.874431610107422,
    8.831232070922852,
    8.815103530883789,
    8.816096305847168,
    8.815391540527344,
    8.810463905334473,
    8.823871612548828,
    8.81827163696289,
    8.82038402557373,
    8.814271926879883,
    8.815296173095703,
    8.823391914367676,
    8.816191673278809,
    8.813983917236328,
    8.812095642089844,
    8.813119888305664,
    8.814528465270996,
    8.820159912109375,
    8.80953598022461,
    8.804800033569336,
    8.833312034606934,
    8.812543869018555,
    8.80134391784668,
    8.823391914367676,
    8.808608055114746,
    8.811903953552246,
    8.817631721496582,
    8.820128440856934,
    8.810432434082031,
    8.815999984741211,
    8.816448211669922,
    8.82038402557373,
    8.820799827575684,
    8.82470417022705,
    8.8187837600708,
    8.813247680664062,
    8.820639610290527,
    8.806783676147461,
    8.810912132263184,
    8.809632301330566,
    8.811360359191895,
    8.815872192382812,
    8.826751708984375,
    8.803135871887207,
    8.809791564941406,
    8.81708812713623,
    8.81065559387207,
    8.80624008178711,
    8.823871612548828,
    8.808671951293945,
    8.811455726623535,
    8.820223808288574,
    8.817024230957031,
    8.809632301330566,
    8.82748794555664,
    8.817440032958984,
    8.811903953552246,
    8.801631927490234,
    8.815520286560059,
    8.819392204284668,
    8.826272010803223,
    8.805312156677246,
    8.817312240600586,
    8.811455726623535,
    8.816032409667969,
    8.808416366577148,
    8.810848236083984,
    8.81481647491455,
    8.813599586486816,
    8.824576377868652,
    8.822336196899414,
    8.800224304199219,
    8.82307243347168,
    8.822879791259766,
    8.82323169708252,
    8.822912216186523,
    8.819104194641113,
    8.814432144165039,
    8.817472457885742,
    8.809408187866211,
    8.816096305847168,
    8.810943603515625
  ],
  "latency_samples_ms": [
    12.73196792602539,
    12.691904067993164,
    12.69968032836914,
    12.677056312561035,
    12.687071800231934,
    12.67465591430664,
    12.6812162399292,
    12.695039749145508,
    12.760831832885742,
    12.731679916381836,
    12.711359977722168,
    12.698880195617676,
    12.689120292663574,
    12.70464038848877,
    12.723199844360352,
    12.682304382324219,
    12.701343536376953,
    12.684191703796387,
    12.692000389099121,
    12.679136276245117,
    12.681471824645996,
    12.695296287536621,
    12.696831703186035,
    12.702112197875977,
    12.706687927246094,
    12.701536178588867,
    12.685567855834961,
    12.696319580078125,
    12.6910400390625,
    12.696864128112793,
    12.689888000488281,
    12.699392318725586,
    12.709343910217285,
    12.682527542114258,
    12.67910385131836,
    12.69814395904541,
    12.688960075378418,
    12.691007614135742,
    12.682592391967773,
    12.678112030029297,
    12.694687843322754,
    12.687359809875488,
    12.682432174682617,
    12.682687759399414,
    12.684191703796387,
    12.699007987976074,
    12.784192085266113,
    12.725695610046387,
    12.714495658874512,
    12.699775695800781,
    12.676544189453125,
    12.693216323852539,
    12.684927940368652,
    12.692959785461426,
    12.699359893798828,
    12.671456336975098,
    12.675104141235352,
    12.682047843933105,
    12.69257640838623,
    12.685440063476562,
    12.68899154663086,
    12.689087867736816,
    12.682463645935059,
    12.68620777130127,
    12.684703826904297,
    12.671775817871094,
    12.681376457214355,
    12.683456420898438,
    12.674431800842285,
    12.692671775817871,
    12.683615684509277,
    12.671199798583984,
    12.682047843933105,
    12.665792465209961,
    12.659071922302246,
    12.669504165649414,
    12.684576034545898,
    12.687295913696289,
    12.683808326721191,
    12.684255599975586,
    12.682592391967773,
    12.681599617004395,
    12.685919761657715,
    12.684096336364746,
    12.676383972167969,
    12.688639640808105,
    12.679936408996582,
    12.683296203613281,
    12.68995189666748,
    12.678496360778809,
    12.68505573272705,
    12.686047554016113,
    12.666080474853516,
    12.676063537597656,
    12.707296371459961,
    12.680831909179688,
    12.672800064086914,
    12.67363166809082,
    12.6909761428833,
    12.673184394836426
  ]
}