{
  "compiled": true,
  "correct": true,
  "latency_ms": 12.67953634262085,
  "ref_latency_ms": 8.820000171661377,
  "speedup": 0.6956090454202122,
  "error": null,
  "stage_s": {
    "reference_import": 0.0002509159967303276,
    "candidate_compile_import": 33.9175080480054,
    "model_init": 0.00012876599794253707,
    "correctness": 24.961624925024807,
    "reference_benchmark": 0.9828703409875743,
    "candidate_benchmark": 1.4014464680221863,
    "total": 71.18382816703524
  },
  "correctness_trials_requested": 5,
  "correctness_trials_executed": 5,
  "warmup": 10,
  "timing_iters": 100,
  "compile_attempts": 1,
  "profile_runs": 220,
  "ref_latency_samples_ms": [
    8.838303565979004,
    8.825119972229004,
    8.837056159973145,
    8.816896438598633,
    8.818079948425293,
    8.83574390411377,
    8.82697582244873,
    8.831168174743652,
    8.815168380737305,
    8.812959671020508,
    8.8155517578125,
    8.818976402282715,
    8.827263832092285,
    8.820927619934082,
    8.839743614196777,
    8.821184158325195,
    8.814720153808594,
    8.825247764587402,
    8.823712348937988,
    8.805919647216797,
    8.81827163696289,
    8.825471878051758,
    8.816512107849121,
    11.185312271118164,
    8.819392204284668,
    8.812095642089844,
    8.822624206542969,
    8.820128440856934,
    8.814016342163086,
    8.82140827178955,
    8.816864013671875,
    8.814592361450195,
    8.825823783874512,
    8.831456184387207,
    8.82271957397461,
    8.822784423828125,
    8.818304061889648,
    8.819519996643066,
    8.81503963470459,
    8.821279525756836,
    8.815967559814453,
    8.822336196899414,
    8.812255859375,
    8.807295799255371,
    8.835040092468262,
    8.815648078918457,
    8.823328018188477,
    8.819744110107422,
    8.817279815673828,
    8.827424049377441,
    8.821760177612305,
    8.82812786102295,
    8.81657600402832,
    8.810144424438477,
    8.837120056152344,
    8.820608139038086,
    8.815936088562012,
    8.819808006286621,
    8.81708812713623,
    8.819231986999512,
    8.814144134521484,
    8.825471878051758,
    8.817503929138184,
    8.825216293334961,
    8.818464279174805,
    8.798303604125977,
    8.821375846862793,
    8.816960334777832,
    8.822015762329102,
    8.823200225830078,
    8.829631805419922,
    8.81987190246582,
    8.823103904724121,
    8.814271926879883,
    8.818495750427246,
    8.817503929138184,
    8.808287620544434,
    8.821791648864746,
    8.81545639038086,
    8.815999984741211,
    8.838784217834473,
    8.830047607421875,
    8.829952239990234,
    8.829055786132812,
    8.835007667541504,
    8.820575714111328,
    8.836832046508789,
    8.819775581359863,
    8.818495750427246,
    8.816415786743164,
    8.823424339294434,
    8.829248428344727,
    8.814528465270996,
    8.8189115524292,
    8.833600044250488,
    8.820863723754883,
    8.814399719238281,
    8.82156753540039,
    8.808095932006836,
    8.818816184997559
  ],
  "latency_samples_ms": [
    12.70083236694336,
    12.699359893798828,
    12.690176010131836,
    12.6876802444458,
    12.674847602844238,
    12.6844482421875,
    12.675616264343262,
    12.672896385192871,
    12.676095962524414,
    12.675135612487793,
    12.689279556274414,
    12.68175983428955,
    12.675135612487793,
    12.670751571655273,
    12.695136070251465,
    12.687487602233887,
    12.677568435668945,
    12.670080184936523,
    12.67734432220459,
    12.672575950622559,
    12.672287940979004,
    12.67743968963623,
    12.67750358581543,
    12.68518352508545,
    12.68284797668457,
    12.686880111694336,
    12.674112319946289,
    12.678175926208496,
    12.677887916564941,
    12.669183731079102,
    12.69161605834961,
    12.669024467468262,
    12.684320449829102,
    12.680671691894531,
    12.681376457214355,
    12.686176300048828,
    12.674688339233398,
    12.68175983428955,
    12.672991752624512,
    12.690112113952637,
    12.670080184936523,
    12.677760124206543,
    12.679136276245117,
    12.6692476272583,
    12.680864334106445,
    12.659551620483398,
    12.662336349487305,
    12.681344032287598,
    12.682016372680664,
    12.702816009521484,
    12.660127639770508,
    12.680512428283691,
    12.672384262084961,
    12.680159568786621,
    12.68175983428955,
    12.675871849060059,
    12.660896301269531,
    12.672224044799805,
    12.684000015258789,
    12.679360389709473,
    12.681568145751953,
    12.68284797668457,
    12.666175842285156,
    12.68182373046875,
    12.664544105529785,
    12.687135696411133,
    12.695584297180176,
    12.677023887634277,
    12.679712295532227,
    12.681407928466797,
    12.665247917175293,
    12.676704406738281,
    12.679840087890625,
    12.690719604492188,
    12.67574405670166,
    12.673312187194824,
    12.680480003356934,
    12.670368194580078,
    12.686367988586426,
    12.686464309692383,
    12.674783706665039,
    12.687423706054688,
    12.689023971557617,
    12.686880111694336,
    12.694047927856445,
    12.666272163391113,
    12.677536010742188,
    12.6778564453125,
    12.689536094665527,
    12.688608169555664,
    12.672479629516602,
    12.670271873474121,
    12.686592102050781,
    12.689215660095215,
    12.670080184936523,
    12.67852783203125,
    12.68188762664795,
    12.67039966583252,
    12.697728157043457,
    12.693951606750488
  ]
}