{
  "compiled": true,
  "correct": true,
  "latency_ms": 12.690703868865967,
  "ref_latency_ms": 8.853904247283936,
  "speedup": 0.6976684933138476,
  "error": null,
  "stage_s": {
    "reference_import": 0.0002455670037306845,
    "candidate_compile_import": 35.436276334978174,
    "model_init": 0.00013435696018859744,
    "correctness": 25.160375715000555,
    "reference_benchmark": 0.994242905988358,
    "candidate_benchmark": 1.4032839350402355,
    "total": 73.77067244501086
  },
  "correctness_trials_requested": 5,
  "correctness_trials_executed": 5,
  "warmup": 10,
  "timing_iters": 100,
  "compile_attempts": 1,
  "profile_runs": 220,
  "ref_latency_samples_ms": [
    8.835488319396973,
    8.822431564331055,
    8.81884765625,
    8.821503639221191,
    8.82812786102295,
    8.815872192382812,
    8.825632095336914,
    8.829824447631836,
    8.815360069274902,
    8.808639526367188,
    8.817952156066895,
    8.817888259887695,
    8.895296096801758,
    8.872447967529297,
    8.859359741210938,
    8.854016304016113,
    8.865311622619629,
    8.860960006713867,
    8.86076831817627,
    8.858400344848633,
    8.848832130432129,
    8.854175567626953,
    8.847647666931152,
    8.851200103759766,
    8.861120223999023,
    8.85206413269043,
    8.851327896118164,
    8.85155200958252,
    8.857695579528809,
    8.852800369262695,
    8.858783721923828,
    8.857919692993164,
    8.852224349975586,
    8.853792190551758,
    8.846847534179688,
    8.861568450927734,
    8.859071731567383,
    8.853055953979492,
    8.860128402709961,
    8.857760429382324,
    8.852831840515137,
    8.847840309143066,
    8.850655555725098,
    8.851455688476562,
    8.844575881958008,
    8.846624374389648,
    8.847200393676758,
    8.8504638671875,
    8.859071731567383,
    8.859583854675293,
    8.855168342590332,
    8.851903915405273,
    8.844703674316406,
    8.843456268310547,
    8.851424217224121,
    8.855711936950684,
    8.848352432250977,
    8.854944229125977,
    8.849984169006348,
    8.864768028259277,
    8.851136207580566,
    8.857695579528809,
    8.849056243896484,
    8.857600212097168,
    8.854496002197266,
    8.863007545471191,
    8.8505277633667,
    8.856863975524902,
    8.852416038513184,
    8.858207702636719,
    8.854816436767578,
    8.854111671447754,
    8.863903999328613,
    8.85756778717041,
    8.85206413269043,
    8.903231620788574,
    8.86678409576416,
    8.864224433898926,
    8.859904289245605,
    8.85689640045166,
    8.854623794555664,
    8.856736183166504,
    8.84995174407959,
    8.86128044128418,
    8.853471755981445,
    8.907456398010254,
    8.883711814880371,
    8.859071731567383,
    8.85916805267334,
    8.862239837646484,
    8.851263999938965,
    8.848799705505371,
    8.861087799072266,
    8.855744361877441,
    8.85308837890625,
    8.849535942077637,
    8.861087799072266,
    8.852224349975586,
    8.868703842163086,
    8.851679801940918
  ],
  "latency_samples_ms": [
    12.754143714904785,
    12.741344451904297,
    12.773599624633789,
    12.715616226196289,
    12.696479797363281,
    12.703104019165039,
    12.69375991821289,
    12.687456130981445,
    12.689632415771484,
    12.685728073120117,
    12.694239616394043,
    12.682559967041016,
    12.689472198486328,
    12.694144248962402,
    12.711456298828125,
    12.68502426147461,
    12.700639724731445,
    12.690752029418945,
    12.670495986938477,
    12.693183898925781,
    12.680768013000488,
    12.690367698669434,
    12.68841552734375,
    12.686911582946777,
    12.6909761428833,
    12.689632415771484,
    12.690655708312988,
    12.697855949401855,
    12.703904151916504,
    12.726719856262207,
    12.712287902832031,
    12.699999809265137,
    12.687840461730957,
    12.707167625427246,
    12.700063705444336,
    12.684576034545898,
    12.694592475891113,
    12.66211223602295,
    12.678496360778809,
    12.68336009979248,
    12.6975679397583,
    12.682432174682617,
    12.67574405670166,
    12.697279930114746,
    12.679231643676758,
    12.688896179199219,
    12.668191909790039,
    12.771200180053711,
    12.726335525512695,
    12.740127563476562,
    12.715359687805176,
    12.696703910827637,
    12.686816215515137,
    12.684415817260742,
    12.678496360778809,
    12.678336143493652,
    12.680831909179688,
    12.69372844696045,
    12.67955207824707,
    12.716544151306152,
    12.706239700317383,
    12.693696022033691,
    12.677984237670898,
    12.678175926208496,
    12.695679664611816,
    12.691679954528809,
    12.702591896057129,
    12.687328338623047,
    12.699007987976074,
    12.679903984069824,
    12.682880401611328,
    12.696191787719727,
    12.672927856445312,
    12.693023681640625,
    12.676799774169922,
    12.69279956817627,
    12.678784370422363,
    12.670559883117676,
    12.697504043579102,
    12.699904441833496,
    12.704671859741211,
    12.694879531860352,
    12.698047637939453,
    12.68188762664795,
    12.678976058959961,
    12.695615768432617,
    12.681504249572754,
    12.69871997833252,
    12.678175926208496,
    12.692864418029785,
    12.680768013000488,
    12.690752029418945,
    12.65334415435791,
    12.678048133850098,
    12.683103561401367,
    12.696127891540527,
    12.654623985290527,
    12.677375793457031,
    12.689888000488281,
    12.680512428283691
  ]
}