{
  "timestamp": "2026-07-13T13:53:16",
  "reference_file": "KernelBench/level1/19_ReLU.py",
  "candidate_file": "/home/bi_geum/official_matrix_88/third_party/KernelMem/run_repro/20260713_135134_19_ReLU_vllm_qwen14b/19_ReLU/code/kernel_20260713_135241.py",
  "tolerance": 0.01,
  "max_abs_err": 0.0,
  "mean_abs_err": 0.0,
  "ref_latency_ms": {
    "avg": 8.818338270187377,
    "min": 8.802399635314941,
    "max": 8.838208198547363,
    "all": [
      8.836000442504883,
      8.814047813415527,
      8.82038402557373,
      8.817536354064941,
      8.81494426727295,
      8.838208198547363,
      8.819328308105469,
      8.809760093688965,
      8.812543869018555,
      8.80793571472168,
      8.817503929138184,
      8.81334400177002,
      8.817760467529297,
      8.812383651733398,
      8.807231903076172,
      8.811264038085938,
      8.821184158325195,
      8.818719863891602,
      8.82528018951416,
      8.813247680664062,
      8.813887596130371,
      8.82367992401123,
      8.820863723754883,
      8.827424049377441,
      8.820992469787598,
      8.819775581359863,
      8.81833553314209,
      8.814080238342285,
      8.819487571716309,
      8.828224182128906,
      8.820575714111328,
      8.81663990020752,
      8.822367668151855,
      8.812576293945312,
      8.820672035217285,
      8.820032119750977,
      8.830016136169434,
      8.818400382995605,
      8.82038402557373,
      8.83017635345459,
      8.823712348937988,
      8.80726432800293,
      8.8220796585083,
      8.812255859375,
      8.808287620544434,
      8.82153606414795,
      8.816960334777832,
      8.820832252502441,
      8.810432434082031,
      8.819519996643066,
      8.812671661376953,
      8.81875228881836,
      8.809568405151367,
      8.82908821105957,
      8.81328010559082,
      8.819999694824219,
      8.812959671020508,
      8.815168380737305,
      8.812671661376953,
      8.815839767456055,
      8.822112083435059,
      8.820735931396484,
      8.827936172485352,
      8.820575714111328,
      8.815775871276855,
      8.820192337036133,
      8.81436824798584,
      8.819647789001465,
      8.812224388122559,
      8.809215545654297,
      8.818943977355957,
      8.81827163696289,
      8.82908821105957,
      8.812512397766113,
      8.814592361450195,
      8.802399635314941,
      8.819616317749023,
      8.81708812713623,
      8.817536354064941,
      8.815903663635254,
      8.820672035217285,
      8.825247764587402,
      8.814335823059082,
      8.821344375610352,
      8.822912216186523,
      8.823136329650879,
      8.81817626953125,
      8.81993579864502,
      8.815072059631348,
      8.811360359191895,
      8.822112083435059,
      8.811840057373047,
      8.820128440856934,
      8.81430435180664,
      8.81817626953125,
      8.817055702209473,
      8.82863998413086,
      8.814687728881836,
      8.834367752075195,
      8.821503639221191
    ]
  },
  "test_latency_ms": {
    "avg": 16.601039695739747,
    "min": 16.579103469848633,
    "max": 16.66044807434082,
    "all": [
      16.66044807434082,
      16.6026554107666,
      16.62076759338379,
      16.60304069519043,
      16.597984313964844,
      16.593151092529297,
      16.611488342285156,
      16.61564826965332,
      16.61142349243164,
      16.58448028564453,
      16.607135772705078,
      16.586624145507812,
      16.61123275756836,
      16.593311309814453,
      16.60188865661621,
      16.5882568359375,
      16.598560333251953,
      16.6026554107666,
      16.595455169677734,
      16.613727569580078,
      16.597919464111328,
      16.592544555664062,
      16.608543395996094,
      16.604320526123047,
      16.60335922241211,
      16.601215362548828,
      16.62073516845703,
      16.586463928222656,
      16.600704193115234,
      16.58687973022461,
      16.606176376342773,
      16.600255966186523,
      16.606143951416016,
      16.601760864257812,
      16.59324836730957,
      16.59347152709961,
      16.61084747314453,
      16.596607208251953,
      16.61302375793457,
      16.589567184448242,
      16.59542465209961,
      16.59267234802246,
      16.604896545410156,
      16.600608825683594,
      16.596128463745117,
      16.592607498168945,
      16.606143951416016,
      16.590463638305664,
      16.603904724121094,
      16.588703155517578,
      16.608896255493164,
      16.601184844970703,
      16.602624893188477,
      16.602624893188477,
      16.605695724487305,
      16.579103469848633,
      16.602752685546875,
      16.598527908325195,
      16.610048294067383,
      16.603296279907227,
      16.5795841217041,
      16.599008560180664,
      16.59996795654297,
      16.591936111450195,
      16.6125431060791,
      16.59600067138672,
      16.5982723236084,
      16.597503662109375,
      16.6059513092041,
      16.590688705444336,
      16.604320526123047,
      16.5993595123291,
      16.60246467590332,
      16.62531280517578,
      16.588512420654297,
      16.606271743774414,
      16.593599319458008,
      16.5894718170166,
      16.605344772338867,
      16.609376907348633,
      16.59401512145996,
      16.605600357055664,
      16.598880767822266,
      16.59449577331543,
      16.594911575317383,
      16.6060791015625,
      16.590272903442383,
      16.612991333007812,
      16.61884880065918,
      16.58582305908203,
      16.587743759155273,
      16.612735748291016,
      16.599775314331055,
      16.604000091552734,
      16.58847999572754,
      16.593791961669922,
      16.615360260009766,
      16.596031188964844,
      16.603872299194336,
      16.604736328125
    ]
  },
  "num_runs": 100,
  "model_init_args": [],
  "model_init_kwargs": {},
  "seed": 100,
  "align_stats": {
    "copied_same_shape": 0,
    "unique_shape_copied": 0,
    "mapped_shape": 0,
    "skipped": 0,
    "pair_aligner": 0,
    "pair_key": "Model->ModelNew"
  },
  "runnable": true,
  "phase": "repair",
  "score": 0.5311919272411829
}