{
  "timestamp": "2026-07-17T13:59:08",
  "reference_file": "/home/bi_geum/official_matrix_64/third_party/KernelBench/KernelBench/level1/1_Square_matrix_multiplication_.py",
  "candidate_file": "/home/bi_geum/official_matrix_64/runs/cudaforge_qwen14b_kernelbench_all250_round1_repeat1_temp0.2/1_Square_matrix_multiplication___rep0/cudaforge_run/20260717_135807_1_Square_matrix_multiplication__vllm_qwen14b/1_Square_matrix_multiplication_/code/kernel_20260717_135813.py",
  "tolerance": 0.001,
  "max_abs_err": 0.0,
  "mean_abs_err": 0.0,
  "ref_latency_ms": {
    "avg": 2.833459198474884,
    "min": 2.8154239654541016,
    "max": 2.8844799995422363,
    "all": [
      2.8844799995422363,
      2.838655948638916,
      2.8531839847564697,
      2.855232000350952,
      2.8403520584106445,
      2.822848081588745,
      2.829184055328369,
      2.837984085083008,
      2.8354239463806152,
      2.8199679851531982,
      2.8257598876953125,
      2.8200318813323975,
      2.8211519718170166,
      2.8158719539642334,
      2.8314239978790283,
      2.8340160846710205,
      2.8154239654541016,
      2.821984052658081,
      2.8343679904937744,
      2.8318400382995605
    ]
  },
  "test_latency_ms": {
    "avg": 26.172579193115233,
    "min": 26.155487060546875,
    "max": 26.2379207611084,
    "all": [
      26.2379207611084,
      26.19024085998535,
      26.18726348876953,
      26.16582489013672,
      26.161632537841797,
      26.15622329711914,
      26.184032440185547,
      26.155487060546875,
      26.166431427001953,
      26.164064407348633,
      26.176319122314453,
      26.166912078857422,
      26.165983200073242,
      26.16102409362793,
      26.183135986328125,
      26.166656494140625,
      26.158655166625977,
      26.160703659057617,
      26.17228889465332,
      26.17078399658203
    ]
  },
  "num_runs": 20,
  "model_init_args": [],
  "model_init_kwargs": {},
  "seed": 100,
  "align_stats": {
    "copied_same_shape": 0,
    "unique_shape_copied": 0,
    "mapped_shape": 0,
    "skipped": 0,
    "pair_aligner": 0,
    "pair_key": "Model->ModelNew"
  },
  "runnable": true,
  "phase": "seed",
  "score": 0.10826060273112988
}