{
  "timestamp": "2026-07-13T11:23:38",
  "reference_file": "/home/bi_geum/official_matrix_88/third_party/KernelBench/KernelBench/level1/19_ReLU.py",
  "candidate_file": "/home/bi_geum/official_matrix_88/third_party/CudaForge/run_repro_full/20260713_111900_19_ReLU_vllm_qwen14b/19_ReLU/code/kernel_20260713_112251.py",
  "tolerance": 0.001,
  "max_abs_err": 0.0,
  "mean_abs_err": 0.0,
  "ref_latency_ms": {
    "avg": 8.817084789276123,
    "min": 8.804191589355469,
    "max": 8.832768440246582,
    "all": [
      8.832768440246582,
      8.819456100463867,
      8.815232276916504,
      8.819168090820312,
      8.81116771697998,
      8.827360153198242,
      8.810367584228516,
      8.81942367553711,
      8.804191589355469,
      8.81606388092041,
      8.81868839263916,
      8.814528465270996,
      8.809375762939453,
      8.813983917236328,
      8.813535690307617,
      8.81935977935791,
      8.818079948425293,
      8.81158447265625,
      8.826784133911133,
      8.820575714111328
    ]
  },
  "test_latency_ms": {
    "avg": 16.601609420776366,
    "min": 16.56425666809082,
    "max": 16.62563133239746,
    "all": [
      16.62563133239746,
      16.607744216918945,
      16.607872009277344,
      16.61734390258789,
      16.60495948791504,
      16.613311767578125,
      16.596832275390625,
      16.591520309448242,
      16.601343154907227,
      16.603424072265625,
      16.56425666809082,
      16.5927677154541,
      16.59868812561035,
      16.60335922241211,
      16.596479415893555,
      16.600479125976562,
      16.5963191986084,
      16.60348892211914,
      16.587488174438477,
      16.618879318237305
    ]
  },
  "num_runs": 20,
  "model_init_args": [],
  "model_init_kwargs": {},
  "seed": 100,
  "align_stats": {
    "copied_same_shape": 0,
    "unique_shape_copied": 0,
    "mapped_shape": 0,
    "skipped": 0,
    "pair_aligner": 0,
    "pair_key": "Model->ModelNew"
  },
  "runnable": true,
  "phase": "opt",
  "score": 0.5310981945064815
}