{
  "timestamp": "2026-07-13T11:19:59",
  "reference_file": "/home/bi_geum/official_matrix_88/third_party/KernelBench/KernelBench/level1/19_ReLU.py",
  "candidate_file": "/home/bi_geum/official_matrix_88/third_party/CudaForge/run_repro_full/20260713_111900_19_ReLU_vllm_qwen14b/19_ReLU/code/kernel_20260713_111907.py",
  "tolerance": 0.001,
  "max_abs_err": 0.0,
  "mean_abs_err": 0.0,
  "ref_latency_ms": {
    "avg": 8.865716743469239,
    "min": 8.855936050415039,
    "max": 8.891839981079102,
    "all": [
      8.891839981079102,
      8.873151779174805,
      8.871232032775879,
      8.859647750854492,
      8.875231742858887,
      8.872608184814453,
      8.87168025970459,
      8.861248016357422,
      8.867487907409668,
      8.855936050415039,
      8.870559692382812,
      8.868639945983887,
      8.861696243286133,
      8.856608390808105,
      8.857215881347656,
      8.86188793182373,
      8.861663818359375,
      8.859519958496094,
      8.8570556640625,
      8.859423637390137
    ]
  },
  "test_latency_ms": {
    "avg": 17.624508762359618,
    "min": 16.65827178955078,
    "max": 32.433406829833984,
    "all": [
      16.696319580078125,
      16.683712005615234,
      19.15670394897461,
      32.433406829833984,
      16.722911834716797,
      16.760448455810547,
      16.70467185974121,
      16.70707130432129,
      16.730880737304688,
      16.65827178955078,
      16.713504791259766,
      16.684703826904297,
      16.677631378173828,
      16.67430305480957,
      16.660703659057617,
      16.65830421447754,
      16.68671989440918,
      16.836000442504883,
      16.82080078125,
      16.823104858398438
    ]
  },
  "num_runs": 20,
  "model_init_args": [],
  "model_init_kwargs": {},
  "seed": 100,
  "align_stats": {
    "copied_same_shape": 0,
    "unique_shape_copied": 0,
    "mapped_shape": 0,
    "skipped": 0,
    "pair_aligner": 0,
    "pair_key": "Model->ModelNew"
  },
  "runnable": true,
  "phase": "seed",
  "score": 0.5030334100660785
}