{
  "timestamp": "2026-07-13T11:21:49",
  "reference_file": "/home/bi_geum/official_matrix_88/third_party/KernelBench/KernelBench/level1/19_ReLU.py",
  "candidate_file": "/home/bi_geum/official_matrix_88/third_party/CudaForge/run_repro_full/20260713_111900_19_ReLU_vllm_qwen14b/19_ReLU/code/kernel_20260713_112103.py",
  "tolerance": 0.001,
  "max_abs_err": 0.0,
  "mean_abs_err": 0.0,
  "ref_latency_ms": {
    "avg": 8.819409608840942,
    "min": 8.80787181854248,
    "max": 8.830944061279297,
    "all": [
      8.830944061279297,
      8.8220796585083,
      8.823040008544922,
      8.815775871276855,
      8.80787181854248,
      8.817119598388672,
      8.827967643737793,
      8.81283187866211,
      8.819392204284668,
      8.823807716369629,
      8.819328308105469,
      8.82153606414795,
      8.824895858764648,
      8.81436824798584,
      8.818400382995605,
      8.822463989257812,
      8.821087837219238,
      8.816032409667969,
      8.819392204284668,
      8.809856414794922
    ]
  },
  "test_latency_ms": {
    "avg": 16.626305675506593,
    "min": 16.593183517456055,
    "max": 16.719520568847656,
    "all": [
      16.622943878173828,
      16.621471405029297,
      16.598432540893555,
      16.614240646362305,
      16.60198402404785,
      16.615007400512695,
      16.595136642456055,
      16.60767936706543,
      16.614240646362305,
      16.593408584594727,
      16.596160888671875,
      16.595680236816406,
      16.719520568847656,
      16.67728042602539,
      16.652191162109375,
      16.632896423339844,
      16.64476776123047,
      16.593183517456055,
      16.68739128112793,
      16.64249610900879
    ]
  },
  "num_runs": 20,
  "model_init_args": [],
  "model_init_kwargs": {},
  "seed": 100,
  "align_stats": {
    "copied_same_shape": 0,
    "unique_shape_copied": 0,
    "mapped_shape": 0,
    "skipped": 0,
    "pair_aligner": 0,
    "pair_key": "Model->ModelNew"
  },
  "runnable": true,
  "phase": "opt",
  "score": 0.5304491437224956
}