{
  "compiled": true,
  "correct": true,
  "latency_ms": 2.6744160652160645,
  "ref_latency_ms": 2.6740479469299316,
  "speedup": 0.9998623556405749,
  "error": null,
  "stage_s": {
    "reference_import": 0.00016999599995415338,
    "candidate_compile_import": 0.00048795500003961934,
    "model_init": 0.0001281500000231972,
    "correctness": 1.3538571400000592,
    "reference_benchmark": 0.2969984689999592,
    "candidate_benchmark": 0.2970331849999184,
    "total": 3.7970415649999723
  },
  "correctness_trials_requested": 5,
  "correctness_trials_executed": 5,
  "warmup": 10,
  "timing_iters": 100,
  "compile_attempts": 1,
  "profile_runs": 220,
  "ref_latency_samples_ms": [
    2.6884799003601074,
    2.6816000938415527,
    2.672703981399536,
    2.673856019973755,
    2.6748158931732178,
    2.6816320419311523,
    2.672703981399536,
    2.674976110458374,
    2.6721279621124268,
    2.673504114151001,
    2.6754560470581055,
    2.6740479469299316,
    2.673919916152954,
    2.673919916152954,
    2.6757121086120605,
    2.6732800006866455,
    2.6753599643707275,
    2.678528070449829,
    2.6736319065093994,
    2.672895908355713,
    2.6752638816833496,
    2.6738879680633545,
    2.6724801063537598,
    2.6753599643707275,
    2.673408031463623,
    2.6748158931732178,
    2.674976110458374,
    2.694080114364624,
    2.6922240257263184,
    2.6917760372161865,
    2.6913280487060547,
    2.691904067993164,
    2.673952102661133,
    2.6750400066375732,
    2.6717441082000732,
    2.6715199947357178,
    2.6734399795532227,
    2.672192096710205,
    2.6725759506225586,
    2.6736960411071777,
    2.6735360622406006,
    2.672607898712158,
    2.672192096710205,
    2.672096014022827,
    2.6791679859161377,
    2.67193603515625,
    2.6720640659332275,
    2.6738879680633545,
    2.672800064086914,
    2.6730239391326904,
    2.6721599102020264,
    2.6725759506225586,
    2.68287992477417,
    2.673248052597046,
    2.6740479469299316,
    2.67574405670166,
    2.6743040084838867,
    2.6764159202575684,
    2.674720048904419,
    2.6730239391326904,
    2.6751999855041504,
    2.6740479469299316,
    2.6811840534210205,
    2.6731200218200684,
    2.6825599670410156,
    2.6791040897369385,
    2.6739840507507324,
    2.67305588722229,
    2.6734399795532227,
    2.674272060394287,
    2.6787519454956055,
    2.674720048904419,
    2.701728105545044,
    2.6747519969940186,
    2.6733760833740234,
    2.6840639114379883,
    2.6766719818115234,
    2.676095962524414,
    2.675679922103882,
    2.7201919555664062,
    2.6755199432373047,
    2.673664093017578,
    2.674272060394287,
    2.6731839179992676,
    2.6732161045074463,
    2.674720048904419,
    2.675071954727173,
    2.6739840507507324,
    2.676192045211792,
    2.674207925796509,
    2.6744320392608643,
    2.6745920181274414,
    2.6727359294891357,
    2.6727681159973145,
    2.6759679317474365,
    2.6732161045074463,
    2.674207925796509,
    2.6718719005584717,
    2.673311948776245,
    2.6731200218200684
  ],
  "latency_samples_ms": [
    2.688767910003662,
    2.6760640144348145,
    2.6744000911712646,
    2.674175977706909,
    2.6736960411071777,
    2.672544002532959,
    2.6750080585479736,
    2.674463987350464,
    2.6743040084838867,
    2.6711039543151855,
    2.6738240718841553,
    2.6755518913269043,
    2.672384023666382,
    2.676448106765747,
    2.6723520755767822,
    2.6732800006866455,
    2.671839952468872,
    2.6948800086975098,
    2.690783977508545,
    2.7020480632781982,
    2.684000015258789,
    2.6752638816833496,
    2.679840087890625,
    2.677824020385742,
    2.690943956375122,
    2.6774399280548096,
    2.6775360107421875,
    2.6744959354400635,
    2.6789441108703613,
    2.675168037414551,
    2.6744320392608643,
    2.68723201751709,
    2.6956160068511963,
    2.6921920776367188,
    2.687488079071045,
    2.6881279945373535,
    2.6730239391326904,
    2.675328016281128,
    2.675168037414551,
    2.673664093017578,
    2.6732161045074463,
    2.6759040355682373,
    2.672960042953491,
    2.6727681159973145,
    2.6734719276428223,
    2.682111978530884,
    2.6743359565734863,
    2.675136089324951,
    2.6723520755767822,
    2.675839900970459,
    2.6748480796813965,
    2.676095962524414,
    2.6749439239501953,
    2.6711039543151855,
    2.672960042953491,
    2.6787519454956055,
    2.674207925796509,
    2.6737918853759766,
    2.6723198890686035,
    2.6724159717559814,
    2.6748480796813965,
    2.6737918853759766,
    2.6727681159973145,
    2.675679922103882,
    2.6727681159973145,
    2.6755199432373047,
    2.673248052597046,
    2.674367904663086,
    2.672960042953491,
    2.6716160774230957,
    2.6711039543151855,
    2.673504114151001,
    2.6812479496002197,
    2.672895908355713,
    2.6728639602661133,
    2.6755199432373047,
    2.6735999584198,
    2.673248052597046,
    2.679392099380493,
    2.6776320934295654,
    2.672447919845581,
    2.675168037414551,
    2.6744320392608643,
    2.673311948776245,
    2.6744959354400635,
    2.6751999855041504,
    2.6732161045074463,
    2.6746559143066406,
    2.6765758991241455,
    2.6740479469299316,
    2.673759937286377,
    2.6716160774230957,
    2.673408031463623,
    2.6718080043792725,
    2.6728320121765137,
    2.672800064086914,
    2.677504062652588,
    2.676352024078369,
    2.673504114151001,
    2.672800064086914
  ]
}