{
  "compiled": true,
  "correct": true,
  "latency_ms": 2.6745439767837524,
  "ref_latency_ms": 2.6736960411071777,
  "speedup": 0.9996829606527561,
  "error": null,
  "stage_s": {
    "reference_import": 0.0002422450002086407,
    "candidate_compile_import": 0.0007033079996290326,
    "model_init": 0.00016543399988222518,
    "correctness": 1.3268026549999377,
    "reference_benchmark": 0.2970614839996415,
    "candidate_benchmark": 0.2968056669997168,
    "total": 3.9297984380000344
  },
  "correctness_trials_requested": 5,
  "correctness_trials_executed": 5,
  "warmup": 10,
  "timing_iters": 100,
  "compile_attempts": 1,
  "profile_runs": 220,
  "ref_latency_samples_ms": [
    2.6813440322875977,
    2.6740798950195312,
    2.6724159717559814,
    2.669856071472168,
    2.6712639331817627,
    2.673311948776245,
    2.6711039543151855,
    2.67305588722229,
    2.6717119216918945,
    2.672032117843628,
    2.6705920696258545,
    2.6736319065093994,
    2.672287940979004,
    2.6721279621124268,
    2.6755199432373047,
    2.6770880222320557,
    2.6692800521850586,
    2.6810879707336426,
    2.680351972579956,
    2.690335988998413,
    2.689471960067749,
    2.6894400119781494,
    2.67142391204834,
    2.6768639087677,
    2.6712000370025635,
    2.6720640659332275,
    2.67193603515625,
    2.670912027359009,
    2.6704320907592773,
    2.6722240447998047,
    2.705120086669922,
    2.6985280513763428,
    2.689824104309082,
    2.686880111694336,
    2.68176007270813,
    2.6851840019226074,
    2.684864044189453,
    2.6748158931732178,
    2.6780478954315186,
    2.673311948776245,
    2.6714560985565186,
    2.6682240962982178,
    2.6689600944519043,
    2.67193603515625,
    2.6707520484924316,
    2.6704320907592773,
    2.6752960681915283,
    2.669312000274658,
    2.673248052597046,
    2.6734719276428223,
    2.6785919666290283,
    2.675424098968506,
    2.67411208152771,
    2.6766719818115234,
    2.675424098968506,
    2.676287889480591,
    2.6823999881744385,
    2.676959991455078,
    2.6750080585479736,
    2.6736319065093994,
    2.673248052597046,
    2.6735360622406006,
    2.675424098968506,
    2.6735360622406006,
    2.6738240718841553,
    2.6770880222320557,
    2.6755199432373047,
    2.675584077835083,
    2.6758720874786377,
    2.675935983657837,
    2.676095962524414,
    2.6755199432373047,
    2.674560070037842,
    2.672447919845581,
    2.6731200218200684,
    2.6767361164093018,
    2.6728320121765137,
    2.673664093017578,
    2.674367904663086,
    2.673504114151001,
    2.6748480796813965,
    2.678112030029297,
    2.6732161045074463,
    2.6740479469299316,
    2.6737279891967773,
    2.6744959354400635,
    2.6742401123046875,
    2.671839952468872,
    2.6730880737304688,
    2.6721599102020264,
    2.6735360622406006,
    2.6707520484924316,
    2.672895908355713,
    2.670912027359009,
    2.6713600158691406,
    2.674463987350464,
    2.673919916152954,
    2.6743359565734863,
    2.671072006225586,
    2.6690239906311035
  ],
  "latency_samples_ms": [
    2.6564159393310547,
    2.654560089111328,
    2.6691839694976807,
    2.6819519996643066,
    2.673311948776245,
    2.6716160774230957,
    2.672287940979004,
    2.670912027359009,
    2.674015998840332,
    2.6707839965820312,
    2.6700479984283447,
    2.6721279621124268,
    2.6724801063537598,
    2.6790080070495605,
    2.6716160774230957,
    2.6743040084838867,
    2.672384023666382,
    2.676543951034546,
    2.6743040084838867,
    2.674623966217041,
    2.6751999855041504,
    2.6725120544433594,
    2.6735999584198,
    2.678272008895874,
    2.6795520782470703,
    2.6882240772247314,
    2.688607931137085,
    2.6879360675811768,
    2.6903040409088135,
    2.6761279106140137,
    2.6702721118927,
    2.676192045211792,
    2.6740798950195312,
    2.672544002532959,
    2.6794559955596924,
    2.67193603515625,
    2.672096014022827,
    2.672096014022827,
    2.6756160259246826,
    2.6769919395446777,
    2.673504114151001,
    2.672287940979004,
    2.670880079269409,
    2.671839952468872,
    2.6789441108703613,
    2.672800064086914,
    2.673952102661133,
    2.673759937286377,
    2.6765758991241455,
    2.6763839721679688,
    2.6733760833740234,
    2.67523193359375,
    2.674623966217041,
    2.6740798950195312,
    2.684159994125366,
    2.674207925796509,
    2.6730239391326904,
    2.673952102661133,
    2.683487892150879,
    2.6794559955596924,
    2.6840319633483887,
    2.676287889480591,
    2.6753599643707275,
    2.676896095275879,
    2.675328016281128,
    2.675168037414551,
    2.67523193359375,
    2.6761600971221924,
    2.6760640144348145,
    2.674976110458374,
    2.6739840507507324,
    2.6783039569854736,
    2.6784958839416504,
    2.674463987350464,
    2.6743359565734863,
    2.673664093017578,
    2.67523193359375,
    2.6768639087677,
    2.672607898712158,
    2.6764159202575684,
    2.6740479469299316,
    2.672287940979004,
    2.676543951034546,
    2.677311897277832,
    2.6770238876342773,
    2.6768639087677,
    2.6748480796813965,
    2.6740798950195312,
    2.67523193359375,
    2.6747519969940186,
    2.6742401123046875,
    2.683840036392212,
    2.6732161045074463,
    2.6760001182556152,
    2.6786561012268066,
    2.6735360622406006,
    2.673311948776245,
    2.671328067779541,
    2.678879976272583,
    2.6743359565734863
  ]
}