{
  "compiled": true,
  "correct": true,
  "latency_ms": 2.677791953086853,
  "ref_latency_ms": 2.672752022743225,
  "speedup": 0.9981178782997618,
  "error": null,
  "stage_s": {
    "reference_import": 0.0001671690001785464,
    "candidate_compile_import": 0.0004918029999316786,
    "model_init": 0.00011978199972872972,
    "correctness": 1.2802114589999292,
    "reference_benchmark": 0.2974551889997201,
    "candidate_benchmark": 0.3005694980001863,
    "total": 3.9370251969999117
  },
  "correctness_trials_requested": 5,
  "correctness_trials_executed": 5,
  "warmup": 10,
  "timing_iters": 100,
  "compile_attempts": 1,
  "profile_runs": 220,
  "ref_latency_samples_ms": [
    2.6870720386505127,
    2.674560070037842,
    2.6735999584198,
    2.6715199947357178,
    2.6720640659332275,
    2.6732800006866455,
    2.6704320907592773,
    2.678208112716675,
    2.671583890914917,
    2.6740798950195312,
    2.6735360622406006,
    2.671839952468872,
    2.6704959869384766,
    2.6694719791412354,
    2.6724159717559814,
    2.671072006225586,
    2.6717441082000732,
    2.671776056289673,
    2.6703040599823,
    2.6715199947357178,
    2.6712639331817627,
    2.670527935028076,
    2.6690878868103027,
    2.6706559658050537,
    2.6714560985565186,
    2.671679973602295,
    2.681920051574707,
    2.67740797996521,
    2.6763839721679688,
    2.674623966217041,
    2.6746881008148193,
    2.6744959354400635,
    2.673151969909668,
    2.6730880737304688,
    2.6728639602661133,
    2.6737279891967773,
    2.6743040084838867,
    2.6894400119781494,
    2.689824104309082,
    2.6888959407806396,
    2.687808036804199,
    2.6860480308532715,
    2.674783945083618,
    2.6720640659332275,
    2.6689279079437256,
    2.683487892150879,
    2.6737279891967773,
    2.6737918853759766,
    2.671679973602295,
    2.6694400310516357,
    2.6764159202575684,
    2.6674559116363525,
    2.671168088912964,
    2.670815944671631,
    2.6711039543151855,
    2.6823360919952393,
    2.672703981399536,
    2.7785279750823975,
    2.68121600151062,
    2.6744320392608643,
    2.6725120544433594,
    2.669856071472168,
    2.6785600185394287,
    2.6744320392608643,
    2.674463987350464,
    2.672640085220337,
    2.672800064086914,
    2.671583890914917,
    2.6702399253845215,
    2.676959991455078,
    2.672991991043091,
    2.6712958812713623,
    2.670464038848877,
    2.6717119216918945,
    2.6721599102020264,
    2.6695680618286133,
    2.6720640659332275,
    2.6725759506225586,
    2.672991991043091,
    2.670720100402832,
    2.6712000370025635,
    2.6761279106140137,
    2.669951915740967,
    2.669951915740967,
    2.6717119216918945,
    2.6721279621124268,
    2.671839952468872,
    2.6736319065093994,
    2.672991991043091,
    2.682784080505371,
    2.6797120571136475,
    2.678783893585205,
    2.7177600860595703,
    2.75929594039917,
    2.681504011154175,
    2.674783945083618,
    2.672447919845581,
    2.672384023666382,
    2.6707839965820312,
    2.6778879165649414
  ],
  "latency_samples_ms": [
    2.766400098800659,
    2.691103935241699,
    2.678015947341919,
    2.6831679344177246,
    2.67523193359375,
    2.6731200218200684,
    2.6732800006866455,
    2.673952102661133,
    2.6816959381103516,
    2.6740479469299316,
    2.6758720874786377,
    2.6778879165649414,
    2.6742401123046875,
    2.6765120029449463,
    2.6730239391326904,
    2.681920051574707,
    2.6776959896087646,
    2.674527883529663,
    2.675487995147705,
    2.682368040084839,
    2.678112030029297,
    2.7095999717712402,
    2.737920045852661,
    2.687808036804199,
    2.6793599128723145,
    2.6746881008148193,
    2.6744000911712646,
    2.7410240173339844,
    2.7492480278015137,
    2.7721920013427734,
    2.753312110900879,
    2.754271984100342,
    2.75382399559021,
    2.7456319332122803,
    2.6879680156707764,
    2.682368040084839,
    2.6795198917388916,
    2.69267201423645,
    2.7237119674682617,
    2.749023914337158,
    2.7418880462646484,
    2.7217280864715576,
    2.6798720359802246,
    2.6747519969940186,
    2.7167999744415283,
    2.8729920387268066,
    2.8345279693603516,
    2.808448076248169,
    2.7555840015411377,
    2.696320056915283,
    2.6870720386505127,
    2.687743902206421,
    2.6815359592437744,
    2.6910719871520996,
    2.680448055267334,
    2.6833279132843018,
    2.684704065322876,
    2.6746881008148193,
    2.671679973602295,
    2.708319902420044,
    2.725696086883545,
    2.6778879165649414,
    2.6753599643707275,
    2.6745920181274414,
    2.6744320392608643,
    2.7212159633636475,
    2.7167038917541504,
    2.6795198917388916,
    2.6711039543151855,
    2.676543951034546,
    2.6736960411071777,
    2.6706879138946533,
    2.6718080043792725,
    2.6713600158691406,
    2.6694400310516357,
    2.669408082962036,
    2.6706559658050537,
    2.670464038848877,
    2.6689600944519043,
    2.672544002532959,
    2.6704320907592773,
    2.732383966445923,
    2.6822080612182617,
    2.67411208152771,
    2.6716480255126953,
    2.671583890914917,
    2.670815944671631,
    2.6774399280548096,
    2.6719679832458496,
    2.6706879138946533,
    2.6703360080718994,
    2.67193603515625,
    2.670111894607544,
    2.6757121086120605,
    2.670975923538208,
    2.6734719276428223,
    2.6727359294891357,
    2.6715519428253174,
    2.6700479984283447,
    2.6691200733184814
  ]
}