{
  "timestamp": "2026-07-13T11:20:09",
  "reference_file": "/home/bi_geum/official_matrix_88/third_party/KernelBench/KernelBench/level1/19_ReLU.py",
  "candidate_file": "/home/bi_geum/official_matrix_88/third_party/CudaForge/run_repro/20260713_103822_19_ReLU_vllm_qwen14b/19_ReLU/code/kernel_20260713_111950.py",
  "tolerance": 0.001,
  "max_abs_err": 0.0,
  "mean_abs_err": 0.0,
  "ref_latency_ms": {
    "avg": 8.818656063079834,
    "min": 8.811360359191895,
    "max": 8.83017635345459,
    "all": [
      8.826944351196289,
      8.815008163452148,
      8.81935977935791,
      8.819680213928223,
      8.83017635345459,
      8.819328308105469,
      8.81935977935791,
      8.81446361541748,
      8.814240455627441,
      8.816191673278809,
      8.826720237731934,
      8.815903663635254,
      8.82147216796875,
      8.815872192382812,
      8.81174373626709,
      8.82089614868164,
      8.820575714111328,
      8.815072059631348,
      8.811360359191895,
      8.81875228881836
    ]
  },
  "test_latency_ms": {
    "avg": 16.607377433776854,
    "min": 16.585344314575195,
    "max": 16.628192901611328,
    "all": [
      16.614559173583984,
      16.5963191986084,
      16.59119987487793,
      16.614591598510742,
      16.610143661499023,
      16.595840454101562,
      16.601696014404297,
      16.597631454467773,
      16.607967376708984,
      16.609472274780273,
      16.597824096679688,
      16.61123275756836,
      16.585344314575195,
      16.612159729003906,
      16.611103057861328,
      16.62505531311035,
      16.608448028564453,
      16.623615264892578,
      16.628192901611328,
      16.605152130126953
    ]
  },
  "num_runs": 20,
  "model_init_args": [],
  "model_init_kwargs": {},
  "seed": 100,
  "align_stats": {
    "copied_same_shape": 0,
    "unique_shape_copied": 0,
    "mapped_shape": 0,
    "skipped": 0,
    "pair_aligner": 0,
    "pair_key": "Model->ModelNew"
  },
  "runnable": true,
  "phase": "opt",
  "score": 0.5310083484430265
}