{
  "timestamp": "2026-07-13T11:18:48",
  "reference_file": "/home/bi_geum/official_matrix_88/third_party/KernelBench/KernelBench/level1/19_ReLU.py",
  "candidate_file": "/home/bi_geum/official_matrix_88/third_party/CudaForge/run_repro/20260713_103822_19_ReLU_vllm_qwen14b/19_ReLU/code/kernel_20260713_111830.py",
  "tolerance": 0.001,
  "max_abs_err": 0.0,
  "mean_abs_err": 0.0,
  "ref_latency_ms": {
    "avg": 8.845590448379516,
    "min": 8.836607933044434,
    "max": 8.859264373779297,
    "all": [
      8.859264373779297,
      8.849760055541992,
      8.84067153930664,
      8.836607933044434,
      8.8505277633667,
      8.849344253540039,
      8.846240043640137,
      8.845536231994629,
      8.847392082214355,
      8.841952323913574,
      8.846528053283691,
      8.837823867797852,
      8.845952033996582,
      8.841471672058105,
      8.851712226867676,
      8.846528053283691,
      8.84115219116211,
      8.840127944946289,
      8.8439359664917,
      8.84928035736084
    ]
  },
  "test_latency_ms": {
    "avg": 16.64875030517578,
    "min": 16.620704650878906,
    "max": 16.658016204833984,
    "all": [
      16.65011215209961,
      16.64201545715332,
      16.64409637451172,
      16.645248413085938,
      16.64569664001465,
      16.650239944458008,
      16.650432586669922,
      16.658016204833984,
      16.654560089111328,
      16.65247917175293,
      16.620704650878906,
      16.65363121032715,
      16.642335891723633,
      16.651935577392578,
      16.655359268188477,
      16.651296615600586,
      16.647743225097656,
      16.655071258544922,
      16.64691162109375,
      16.657119750976562
    ]
  },
  "num_runs": 20,
  "model_init_args": [],
  "model_init_kwargs": {},
  "seed": 100,
  "align_stats": {
    "copied_same_shape": 0,
    "unique_shape_copied": 0,
    "mapped_shape": 0,
    "skipped": 0,
    "pair_aligner": 0,
    "pair_key": "Model->ModelNew"
  },
  "runnable": true,
  "phase": "opt",
  "score": 0.5313065717388764
}