{
  "timestamp": "2026-07-13T11:17:05",
  "reference_file": "/home/bi_geum/official_matrix_88/third_party/KernelBench/KernelBench/level1/19_ReLU.py",
  "candidate_file": "/home/bi_geum/official_matrix_88/third_party/CudaForge/run_repro/20260713_103822_19_ReLU_vllm_qwen14b/19_ReLU/code/kernel_20260713_103829.py",
  "tolerance": 0.001,
  "max_abs_err": 0.0,
  "mean_abs_err": 0.0,
  "ref_latency_ms": {
    "avg": 8.844721508026122,
    "min": 8.832703590393066,
    "max": 8.861727714538574,
    "all": [
      8.861727714538574,
      8.854111671447754,
      8.843615531921387,
      8.846879959106445,
      8.84556770324707,
      8.840576171875,
      8.84614372253418,
      8.843008041381836,
      8.84659194946289,
      8.840319633483887,
      8.838848114013672,
      8.846688270568848,
      8.851424217224121,
      8.839103698730469,
      8.84716796875,
      8.842911720275879,
      8.838912010192871,
      8.845120429992676,
      8.843008041381836,
      8.832703590393066
    ]
  },
  "test_latency_ms": {
    "avg": 16.645854473114014,
    "min": 16.61667251586914,
    "max": 16.669376373291016,
    "all": [
      16.654624938964844,
      16.669376373291016,
      16.63523292541504,
      16.653535842895508,
      16.64508819580078,
      16.6494083404541,
      16.647903442382812,
      16.653087615966797,
      16.647680282592773,
      16.619199752807617,
      16.65567970275879,
      16.644927978515625,
      16.644800186157227,
      16.65007972717285,
      16.61667251586914,
      16.65350341796875,
      16.64566421508789,
      16.646047592163086,
      16.643808364868164,
      16.64076805114746
    ]
  },
  "num_runs": 20,
  "model_init_args": [],
  "model_init_kwargs": {},
  "seed": 100,
  "align_stats": {
    "copied_same_shape": 0,
    "unique_shape_copied": 0,
    "mapped_shape": 0,
    "skipped": 0,
    "pair_aligner": 0,
    "pair_key": "Model->ModelNew"
  },
  "runnable": true,
  "phase": "seed",
  "score": 0.5313468000283137
}