{
  "compiled": true,
  "correct": true,
  "latency_ms": 33.34611129760742,
  "ref_latency_ms": 9.653231620788574,
  "speedup": 0.2894859773793531,
  "error": null,
  "stage_s": {
    "reference_import": 0.0003011770313605666,
    "candidate_compile_import": 37.66830949904397,
    "model_init": 0.00012625101953744888,
    "correctness": 28.067605421005283,
    "reference_benchmark": 1.5937588019878604,
    "candidate_benchmark": 3.5271621490246616,
    "total": 82.33381847001147
  },
  "correctness_trials_requested": 5,
  "correctness_trials_executed": 5,
  "warmup": 10,
  "timing_iters": 100,
  "compile_attempts": 1,
  "profile_runs": 220,
  "ref_latency_samples_ms": [
    8.979231834411621,
    8.949919700622559,
    8.956640243530273,
    8.955424308776855,
    8.948831558227539,
    8.947744369506836,
    8.944095611572266,
    8.946687698364258,
    8.957152366638184,
    8.945568084716797,
    8.955615997314453,
    8.94934368133545,
    8.960927963256836,
    8.95251178741455,
    8.952256202697754,
    8.95257568359375,
    8.95958423614502,
    8.955424308776855,
    8.95571231842041,
    8.949888229370117,
    8.945023536682129,
    8.951231956481934,
    8.944640159606934,
    8.95263957977295,
    8.943360328674316,
    8.944992065429688,
    8.946304321289062,
    8.947711944580078,
    8.952672004699707,
    8.946592330932617,
    8.959360122680664,
    8.94591999053955,
    8.95577621459961,
    8.949503898620605,
    8.97270393371582,
    8.948448181152344,
    8.950176239013672,
    8.947680473327637,
    8.949248313903809,
    8.959199905395508,
    8.942079544067383,
    9.014143943786621,
    8.959744453430176,
    8.957599639892578,
    8.958720207214355,
    8.939167976379395,
    8.947168350219727,
    8.928735733032227,
    8.865728378295898,
    9.091615676879883,
    13.759103775024414,
    10.242176055908203,
    10.254688262939453,
    10.24073600769043,
    10.255552291870117,
    10.248224258422852,
    10.23737621307373,
    10.237792015075684,
    10.239456176757812,
    10.232704162597656,
    10.246335983276367,
    10.254783630371094,
    10.232864379882812,
    10.222271919250488,
    10.214847564697266,
    10.24944019317627,
    22.553119659423828,
    22.33171272277832,
    22.4400634765625,
    22.437280654907227,
    22.365983963012695,
    22.355392456054688,
    22.409727096557617,
    22.454240798950195,
    22.154592514038086,
    22.2959041595459,
    22.509599685668945,
    22.704896926879883,
    22.67296028137207,
    22.457727432250977,
    22.657119750976562,
    22.635648727416992,
    22.638656616210938,
    22.510271072387695,
    22.341344833374023,
    22.352575302124023,
    22.518943786621094,
    22.685632705688477,
    22.64486312866211,
    22.515424728393555,
    22.269664764404297,
    22.43289566040039,
    22.758399963378906,
    22.543071746826172,
    22.294208526611328,
    22.447744369506836,
    22.600543975830078,
    22.364992141723633,
    22.169824600219727,
    22.694080352783203
  ],
  "latency_samples_ms": [
    15.274271965026855,
    15.02451229095459,
    15.021183967590332,
    33.23126220703125,
    33.4475212097168,
    33.41299057006836,
    33.38630294799805,
    33.4222412109375,
    33.363487243652344,
    33.59443283081055,
    33.4376335144043,
    33.193153381347656,
    33.37839889526367,
    33.34617614746094,
    33.10134506225586,
    33.625247955322266,
    33.50569534301758,
    33.04374313354492,
    33.336544036865234,
    33.120609283447266,
    33.671424865722656,
    33.33011245727539,
    33.566017150878906,
    33.28460693359375,
    33.57712173461914,
    33.06777572631836,
    30.00716781616211,
    33.2492790222168,
    33.07788848876953,
    33.12083053588867,
    33.540287017822266,
    33.506561279296875,
    33.135902404785156,
    30.15305519104004,
    33.29555130004883,
    33.389888763427734,
    33.21571350097656,
    33.48521423339844,
    33.42803192138672,
    33.34479904174805,
    33.32748794555664,
    33.7562255859375,
    33.284671783447266,
    33.29654312133789,
    33.676448822021484,
    33.35007858276367,
    36.5555534362793,
    33.532318115234375,
    33.40671920776367,
    33.556129455566406,
    33.29676818847656,
    33.63932800292969,
    33.41459274291992,
    33.61884689331055,
    33.25279998779297,
    33.1978874206543,
    33.3073616027832,
    33.15155029296875,
    33.47635269165039,
    33.413246154785156,
    33.2454719543457,
    33.7176628112793,
    33.38995361328125,
    33.36764907836914,
    33.07680130004883,
    33.43423843383789,
    33.485408782958984,
    33.47324752807617,
    33.36323165893555,
    33.3070068359375,
    33.267520904541016,
    33.40867233276367,
    33.468894958496094,
    33.65532684326172,
    33.21388626098633,
    33.672607421875,
    33.55315017700195,
    33.547584533691406,
    33.26553726196289,
    33.34204864501953,
    32.99814224243164,
    33.346046447753906,
    33.68582534790039,
    33.430816650390625,
    33.04646301269531,
    33.44947052001953,
    33.71702575683594,
    33.47516632080078,
    33.22537612915039,
    33.55353546142578,
    33.34560012817383,
    13.033535957336426,
    12.70361614227295,
    13.665151596069336,
    12.712127685546875,
    12.706432342529297,
    12.692416191101074,
    12.691583633422852,
    12.694623947143555,
    12.696991920471191
  ]
}