{
  "compiled": true,
  "correct": true,
  "latency_ms": 2.653648018836975,
  "ref_latency_ms": 2.6519839763641357,
  "speedup": 0.9993729226856662,
  "error": null,
  "stage_s": {
    "reference_import": 0.00015262499994150858,
    "candidate_compile_import": 0.0004908160000240969,
    "model_init": 0.00010504599993055308,
    "correctness": 1.3044367420000071,
    "reference_benchmark": 0.294095476999928,
    "candidate_benchmark": 0.2952705510000442,
    "total": 3.640207350999958
  },
  "correctness_trials_requested": 5,
  "correctness_trials_executed": 5,
  "warmup": 10,
  "timing_iters": 100,
  "compile_attempts": 1,
  "profile_runs": 220,
  "ref_latency_samples_ms": [
    2.6622400283813477,
    2.655359983444214,
    2.6606080532073975,
    2.6516480445861816,
    2.6503360271453857,
    2.653439998626709,
    2.6515839099884033,
    2.6534719467163086,
    2.6506240367889404,
    2.651871919631958,
    2.6531519889831543,
    2.652384042739868,
    2.6537599563598633,
    2.652928113937378,
    2.651423931121826,
    2.6522879600524902,
    2.650496006011963,
    2.6501119136810303,
    2.6566720008850098,
    2.6536319255828857,
    2.65065598487854,
    2.6531519889831543,
    2.6487679481506348,
    2.6521599292755127,
    2.6531519889831543,
    2.6516480445861816,
    2.6518399715423584,
    2.65830397605896,
    2.651871919631958,
    2.6511359214782715,
    2.6560959815979004,
    2.6525440216064453,
    2.650912046432495,
    2.6531200408935547,
    2.6507840156555176,
    2.6524159908294678,
    2.6559360027313232,
    2.66975998878479,
    2.669343948364258,
    2.6727681159973145,
    2.670975923538208,
    2.655519962310791,
    2.6368000507354736,
    2.633824110031128,
    2.6348159313201904,
    2.634239912033081,
    2.633120059967041,
    2.632256031036377,
    2.634176015853882,
    2.632767915725708,
    2.633568048477173,
    2.6312639713287354,
    2.6344640254974365,
    2.633984088897705,
    2.6341118812561035,
    2.6362879276275635,
    2.638079881668091,
    2.6347200870513916,
    2.6322240829467773,
    2.633568048477173,
    2.633471965789795,
    2.6326398849487305,
    2.634943962097168,
    2.6418559551239014,
    2.658047914505005,
    2.6529600620269775,
    2.651808023452759,
    2.651968002319336,
    2.65283203125,
    2.6567039489746094,
    2.6565439701080322,
    2.654752016067505,
    2.653503894805908,
    2.6527040004730225,
    2.652575969696045,
    2.6515519618988037,
    2.651968002319336,
    2.653536081314087,
    2.6521921157836914,
    2.659008026123047,
    2.6509439945220947,
    2.6518399715423584,
    2.659679889678955,
    2.6528639793395996,
    2.6535680294036865,
    2.6530559062957764,
    2.6529600620269775,
    2.652064085006714,
    2.6516480445861816,
    2.6513919830322266,
    2.6513919830322266,
    2.6519999504089355,
    2.6533761024475098,
    2.658911943435669,
    2.65065598487854,
    2.6515519618988037,
    2.652928113937378,
    2.6509439945220947,
    2.6527678966522217,
    2.6530239582061768
  ],
  "latency_samples_ms": [
    2.6802239418029785,
    2.673248052597046,
    2.670559883117676,
    2.6711039543151855,
    2.670527935028076,
    2.6688640117645264,
    2.672032117843628,
    2.6702399253845215,
    2.6704959869384766,
    2.6700799465179443,
    2.6699841022491455,
    2.672032117843628,
    2.6705920696258545,
    2.6720640659332275,
    2.6733438968658447,
    2.671231985092163,
    2.672032117843628,
    2.670880079269409,
    2.6690239906311035,
    2.67903995513916,
    2.690016031265259,
    2.688159942626953,
    2.688960075378418,
    2.688512086868286,
    2.687648057937622,
    2.6869120597839355,
    2.689663887023926,
    2.6871039867401123,
    2.654560089111328,
    2.6506240367889404,
    2.651711940765381,
    2.65775990486145,
    2.6531519889831543,
    2.653183937072754,
    2.653088092803955,
    2.6535680294036865,
    2.6511359214782715,
    2.652928113937378,
    2.653439998626709,
    2.6589438915252686,
    2.65449595451355,
    2.6530559062957764,
    2.6543359756469727,
    2.653280019760132,
    2.6526401042938232,
    2.6522879600524902,
    2.6525440216064453,
    2.65231990814209,
    2.651968002319336,
    2.6521921157836914,
    2.653343915939331,
    2.653343915939331,
    2.6547839641571045,
    2.6542398929595947,
    2.6524159908294678,
    2.65231990814209,
    2.6525120735168457,
    2.650559902191162,
    2.6521599292755127,
    2.6548800468444824,
    2.650752067565918,
    2.655168056488037,
    2.652224063873291,
    2.6557118892669678,
    2.6576640605926514,
    2.6540799140930176,
    2.6525440216064453,
    2.6519360542297363,
    2.6564478874206543,
    2.6543359756469727,
    2.6552000045776367,
    2.6533761024475098,
    2.6513280868530273,
    2.651968002319336,
    2.65231990814209,
    2.659519910812378,
    2.6558399200439453,
    2.6534719467163086,
    2.6572160720825195,
    2.6552000045776367,
    2.65120005607605,
    2.651871919631958,
    2.6526401042938232,
    2.650847911834717,
    2.6552319526672363,
    2.651360034942627,
    2.6530559062957764,
    2.6527678966522217,
    2.6511359214782715,
    2.6535680294036865,
    2.6543359756469727,
    2.652127981185913,
    2.650559902191162,
    2.6527678966522217,
    2.651871919631958,
    2.652479887008667,
    2.652992010116577,
    2.6537280082702637,
    2.652224063873291,
    2.6531519889831543
  ]
}