{
  "timestamp": "2026-07-16T14:28:39",
  "reference_file": "/home/bi_geum/official_matrix_64/third_party/KernelBench/KernelBench/level1/1_Square_matrix_multiplication_.py",
  "candidate_file": "/home/bi_geum/official_matrix_64/runs/cudaforge_qwen14b_robust_kbench_l12_round1_repeat1_temp0.2/1_Square_matrix_multiplication___rep0/candidates/cudaforge_run/20260716_142746_1_Square_matrix_multiplication__vllm_qwen14b/1_Square_matrix_multiplication_/code/kernel_20260716_142751.py",
  "tolerance": 0.001,
  "max_abs_err": 0.0,
  "mean_abs_err": 0.0,
  "ref_latency_ms": {
    "avg": 2.7612831950187684,
    "min": 2.708832025527954,
    "max": 2.8576319217681885,
    "all": [
      2.8576319217681885,
      2.7702720165252686,
      2.725152015686035,
      2.7710719108581543,
      2.835616111755371,
      2.7762560844421387,
      2.7229440212249756,
      2.710047960281372,
      2.708832025527954,
      2.8145599365234375,
      2.7728960514068604,
      2.8154239654541016,
      2.7519679069519043,
      2.7237439155578613,
      2.7160959243774414,
      2.8244481086730957,
      2.7759039402008057,
      2.720128059387207,
      2.716223955154419,
      2.7164480686187744
    ]
  },
  "test_latency_ms": {
    "avg": 26.14386577606201,
    "min": 26.098880767822266,
    "max": 26.23299217224121,
    "all": [
      26.23299217224121,
      26.176288604736328,
      26.164447784423828,
      26.169408798217773,
      26.130464553833008,
      26.14886474609375,
      26.15158462524414,
      26.145055770874023,
      26.160608291625977,
      26.170848846435547,
      26.150495529174805,
      26.108064651489258,
      26.10304069519043,
      26.10220718383789,
      26.145023345947266,
      26.104639053344727,
      26.103519439697266,
      26.098880767822266,
      26.15705680847168,
      26.153823852539062
    ]
  },
  "num_runs": 20,
  "model_init_args": [],
  "model_init_kwargs": {},
  "seed": 100,
  "align_stats": {
    "copied_same_shape": 0,
    "unique_shape_copied": 0,
    "mapped_shape": 0,
    "skipped": 0,
    "pair_aligner": 0,
    "pair_key": "Model->ModelNew"
  },
  "runnable": true,
  "phase": "seed",
  "score": 0.10561877951297736
}