{
  "compiled": true,
  "correct": true,
  "latency_ms": 1.672111988067627,
  "ref_latency_ms": 2.674831986427307,
  "speedup": 1.599672752492177,
  "error": null,
  "stage_s": {
    "reference_import": 0.00016847999995661667,
    "candidate_compile_import": 0.0531291000006604,
    "model_init": 0.00010854500033019576,
    "correctness": 2.6503810059994066,
    "reference_benchmark": 0.29694440200000827,
    "candidate_benchmark": 0.1875903729996935,
    "total": 4.927078775999689
  },
  "correctness_trials_requested": 5,
  "correctness_trials_executed": 5,
  "warmup": 10,
  "timing_iters": 100,
  "compile_attempts": 1,
  "profile_runs": 220,
  "ref_latency_samples_ms": [
    2.6863999366760254,
    2.6741440296173096,
    2.6877760887145996,
    2.680095911026001,
    2.6790080070495605,
    2.6750400066375732,
    2.6765120029449463,
    2.681663990020752,
    2.6744000911712646,
    2.6727359294891357,
    2.679487943649292,
    2.6767680644989014,
    2.6740798950195312,
    2.6763200759887695,
    2.6756160259246826,
    2.677759885787964,
    2.6775999069213867,
    2.675391912460327,
    2.6776320934295654,
    2.678431987762451,
    2.675328016281128,
    2.6752638816833496,
    2.678879976272583,
    2.6752960681915283,
    2.6737279891967773,
    2.683487892150879,
    2.6757121086120605,
    2.6755199432373047,
    2.674623966217041,
    2.6765120029449463,
    2.6736319065093994,
    2.672287940979004,
    2.6748158931732178,
    2.6804161071777344,
    2.678175926208496,
    2.675168037414551,
    2.6766719818115234,
    2.675328016281128,
    2.6751039028167725,
    2.678879976272583,
    2.6741440296173096,
    2.6729280948638916,
    2.672895908355713,
    2.6717441082000732,
    2.6716480255126953,
    2.6724801063537598,
    2.6695361137390137,
    2.672447919845581,
    2.6703360080718994,
    2.6727681159973145,
    2.6710081100463867,
    2.6713600158691406,
    2.6745920181274414,
    2.6705920696258545,
    2.6707520484924316,
    2.6727359294891357,
    2.6724159717559814,
    2.672287940979004,
    2.671679973602295,
    2.671328067779541,
    2.6738879680633545,
    2.67193603515625,
    2.6705920696258545,
    2.6722240447998047,
    2.672800064086914,
    2.6719679832458496,
    2.671776056289673,
    2.6725759506225586,
    2.673856019973755,
    2.669248104095459,
    2.674560070037842,
    2.671488046646118,
    2.673408031463623,
    2.6727359294891357,
    2.6719679832458496,
    2.6722559928894043,
    2.679903984069824,
    2.673664093017578,
    2.6736960411071777,
    2.6795520782470703,
    2.6836159229278564,
    2.676800012588501,
    2.678816080093384,
    2.676448106765747,
    2.6749439239501953,
    2.6757760047912598,
    2.675391912460327,
    2.6786561012268066,
    2.672287940979004,
    2.6863999366760254,
    2.6803200244903564,
    2.6750400066375732,
    2.6748480796813965,
    2.6723198890686035,
    2.6733438968658447,
    2.6752960681915283,
    2.6750080585479736,
    2.676032066345215,
    2.6819519996643066,
    2.6784958839416504
  ],
  "latency_samples_ms": [
    1.7103040218353271,
    1.7035839557647705,
    1.7024320363998413,
    1.7004799842834473,
    1.7019200325012207,
    1.7000000476837158,
    1.7025920152664185,
    1.7079039812088013,
    1.7014399766921997,
    1.701856017112732,
    1.6994880437850952,
    1.7068480253219604,
    1.701151967048645,
    1.7028800249099731,
    1.7060799598693848,
    1.7123520374298096,
    1.7020479440689087,
    1.7013119459152222,
    1.7049920558929443,
    1.6997439861297607,
    1.7017279863357544,
    1.6998720169067383,
    1.71561598777771,
    1.7015039920806885,
    1.7135679721832275,
    1.6970560550689697,
    1.6706880331039429,
    1.6682560443878174,
    1.6903680562973022,
    1.6758079528808594,
    1.6807359457015991,
    1.67084801197052,
    1.674720048904419,
    1.6703039407730103,
    1.6671359539031982,
    1.670464038848877,
    1.6718080043792725,
    1.6816320419311523,
    1.6713600158691406,
    1.6764479875564575,
    1.6700479984283447,
    1.6708799600601196,
    1.6738560199737549,
    1.6722559928894043,
    1.670464038848877,
    1.6704959869384766,
    1.671679973602295,
    1.67302405834198,
    1.6696640253067017,
    1.6713600158691406,
    1.6677759885787964,
    1.6706880331039429,
    1.6684800386428833,
    1.682911992073059,
    1.6719679832458496,
    1.6699199676513672,
    1.6741440296173096,
    1.6690239906311035,
    1.672767996788025,
    1.6689280271530151,
    1.670591950416565,
    1.6780799627304077,
    1.6698240041732788,
    1.6690560579299927,
    1.6684160232543945,
    1.6697280406951904,
    1.6682560443878174,
    1.670240044593811,
    1.6733759641647339,
    1.6688319444656372,
    1.6717439889907837,
    1.6707199811935425,
    1.669376015663147,
    1.6689280271530151,
    1.671072006225586,
    1.6768319606781006,
    1.6724799871444702,
    1.6703039407730103,
    1.6686079502105713,
    1.672927975654602,
    1.6694079637527466,
    1.6672639846801758,
    1.6773760318756104,
    1.6698880195617676,
    1.6689599752426147,
    1.6755839586257935,
    1.6686079502105713,
    1.6743040084838867,
    1.6707199811935425,
    1.669983983039856,
    1.66867196559906,
    1.6684160232543945,
    1.6811200380325317,
    1.6725759506225586,
    1.6707839965820312,
    1.6726720333099365,
    1.6687999963760376,
    1.6729600429534912,
    1.669600009918213,
    1.6711360216140747
  ]
}