{
  "compiled": true,
  "correct": true,
  "latency_ms": 2.6739360094070435,
  "ref_latency_ms": 2.676400065422058,
  "speedup": 1.0009215089689305,
  "error": null,
  "stage_s": {
    "reference_import": 0.00023890100010248716,
    "candidate_compile_import": 0.000529198000094766,
    "model_init": 0.00013963199990030262,
    "correctness": 1.3146587449996332,
    "reference_benchmark": 0.29712211400010347,
    "candidate_benchmark": 0.296845385999859,
    "total": 4.212633221000033
  },
  "correctness_trials_requested": 5,
  "correctness_trials_executed": 5,
  "warmup": 10,
  "timing_iters": 100,
  "compile_attempts": 1,
  "profile_runs": 220,
  "ref_latency_samples_ms": [
    2.6977920532226562,
    2.684191942214966,
    2.6736319065093994,
    2.6772799491882324,
    2.672703981399536,
    2.674367904663086,
    2.6751039028167725,
    2.6744959354400635,
    2.67193603515625,
    2.678015947341919,
    2.6759679317474365,
    2.6733760833740234,
    2.6797759532928467,
    2.675391912460327,
    2.6792960166931152,
    2.6749119758605957,
    2.676703929901123,
    2.673408031463623,
    2.6784958839416504,
    2.6752960681915283,
    2.6724801063537598,
    2.675424098968506,
    2.6773440837860107,
    2.6725120544433594,
    2.682976007461548,
    2.6741440296173096,
    2.671999931335449,
    2.6735999584198,
    2.6749119758605957,
    2.674783945083618,
    2.680511951446533,
    2.677216053009033,
    2.6730239391326904,
    2.676352024078369,
    2.674560070037842,
    2.673664093017578,
    2.672800064086914,
    2.673856019973755,
    2.6748158931732178,
    2.674175977706909,
    2.679903984069824,
    2.675679922103882,
    2.6739840507507324,
    2.6801280975341797,
    2.67193603515625,
    2.676448106765747,
    2.6749119758605957,
    2.673856019973755,
    2.6771199703216553,
    2.672032117843628,
    2.6775999069213867,
    2.6771199703216553,
    2.674560070037842,
    2.6787519454956055,
    2.6786561012268066,
    2.679840087890625,
    2.682271957397461,
    2.679744005203247,
    2.6812798976898193,
    2.683743953704834,
    2.6795198917388916,
    2.6787519454956055,
    2.6809918880462646,
    2.6829121112823486,
    2.678783893585205,
    2.6791679859161377,
    2.6822400093078613,
    2.6816959381103516,
    2.6771199703216553,
    2.682015895843506,
    2.6805760860443115,
    2.6794559955596924,
    2.6775999069213867,
    2.6801280975341797,
    2.6786561012268066,
    2.681312084197998,
    2.6791999340057373,
    2.677759885787964,
    2.6759040355682373,
    2.6797759532928467,
    2.6809918880462646,
    2.674527883529663,
    2.672607898712158,
    2.6777920722961426,
    2.6768639087677,
    2.676959991455078,
    2.678208112716675,
    2.6755518913269043,
    2.678623914718628,
    2.676287889480591,
    2.67523193359375,
    2.6753599643707275,
    2.6741440296173096,
    2.672703981399536,
    2.673952102661133,
    2.6716160774230957,
    2.671839952468872,
    2.670624017715454,
    2.6734719276428223,
    2.67142391204834
  ],
  "latency_samples_ms": [
    2.6861119270324707,
    2.674976110458374,
    2.6735360622406006,
    2.672384023666382,
    2.675391912460327,
    2.6737918853759766,
    2.676032066345215,
    2.673311948776245,
    2.674175977706909,
    2.6715199947357178,
    2.6732161045074463,
    2.6735999584198,
    2.6736319065093994,
    2.6757121086120605,
    2.672895908355713,
    2.6735999584198,
    2.6725759506225586,
    2.6723520755767822,
    2.6780800819396973,
    2.673919916152954,
    2.6744959354400635,
    2.6720640659332275,
    2.6716480255126953,
    2.6718080043792725,
    2.670207977294922,
    2.6730239391326904,
    2.670207977294922,
    2.6735999584198,
    2.6703999042510986,
    2.670624017715454,
    2.6723520755767822,
    2.6738240718841553,
    2.672447919845581,
    2.675168037414551,
    2.681567907333374,
    2.6785600185394287,
    2.676640033721924,
    2.676287889480591,
    2.6756479740142822,
    2.676032066345215,
    2.676959991455078,
    2.6787519454956055,
    2.6755518913269043,
    2.681920051574707,
    2.6758720874786377,
    2.6765120029449463,
    2.677248001098633,
    2.679647922515869,
    2.6746881008148193,
    2.6751999855041504,
    2.677759885787964,
    2.678976058959961,
    2.6749119758605957,
    2.6736319065093994,
    2.674272060394287,
    2.684159994125366,
    2.6779839992523193,
    2.6756479740142822,
    2.6751039028167725,
    2.6741440296173096,
    2.674367904663086,
    2.6792640686035156,
    2.673952102661133,
    2.6773440837860107,
    2.6799681186676025,
    2.6728639602661133,
    2.674880027770996,
    2.6720640659332275,
    2.670527935028076,
    2.6736319065093994,
    2.672991991043091,
    2.6719679832458496,
    2.6712000370025635,
    2.6702721118927,
    2.670527935028076,
    2.6719679832458496,
    2.672960042953491,
    2.6713600158691406,
    2.6764159202575684,
    2.6760001182556152,
    2.6736319065093994,
    2.675935983657837,
    2.6732800006866455,
    2.673311948776245,
    2.6728639602661133,
    2.6719040870666504,
    2.675424098968506,
    2.675679922103882,
    2.672192096710205,
    2.6763839721679688,
    2.671776056289673,
    2.673759937286377,
    2.678816080093384,
    2.672960042953491,
    2.6722559928894043,
    2.674207925796509,
    2.6711039543151855,
    2.6727681159973145,
    2.678112030029297,
    2.678272008895874
  ]
}