{
  "compiled": true,
  "correct": true,
  "latency_ms": 1.6030240058898926,
  "ref_latency_ms": 2.6697120666503906,
  "speedup": 1.6654223872139355,
  "error": null,
  "stage_s": {
    "reference_import": 0.00023150600009103073,
    "candidate_compile_import": 0.056019270999968285,
    "model_init": 0.00014625299991166685,
    "correctness": 5.488980112999343,
    "reference_benchmark": 0.29562931200052844,
    "candidate_benchmark": 0.1794443049993788,
    "total": 7.919420404000448
  },
  "correctness_trials_requested": 5,
  "correctness_trials_executed": 5,
  "warmup": 10,
  "timing_iters": 100,
  "compile_attempts": 1,
  "profile_runs": 220,
  "ref_latency_samples_ms": [
    2.664799928665161,
    2.658143997192383,
    2.6549439430236816,
    2.655103921890259,
    2.653887987136841,
    2.6531200408935547,
    2.6552960872650146,
    2.660223960876465,
    2.6537280082702637,
    2.653696060180664,
    2.653503894805908,
    2.652127981185913,
    2.652992010116577,
    2.654911994934082,
    2.6522879600524902,
    2.6530559062957764,
    2.6534080505371094,
    2.6523520946502686,
    2.6553919315338135,
    2.653856039047241,
    2.653503894805908,
    2.653088092803955,
    2.652895927429199,
    2.6533761024475098,
    2.652672052383423,
    2.6514880657196045,
    2.6548800468444824,
    2.6531519889831543,
    2.653887987136841,
    2.6534719467163086,
    2.6526079177856445,
    2.651968002319336,
    2.6544320583343506,
    2.65395188331604,
    2.659359931945801,
    2.6543679237365723,
    2.6546239852905273,
    2.6568961143493652,
    2.6548800468444824,
    2.665087938308716,
    2.6697280406951904,
    2.6704320907592773,
    2.6691200733184814,
    2.6704320907592773,
    2.676703929901123,
    2.671328067779541,
    2.668735980987549,
    2.6697919368743896,
    2.673248052597046,
    2.670464038848877,
    2.6713919639587402,
    2.67142391204834,
    2.670207977294922,
    2.673952102661133,
    2.671135902404785,
    2.677855968475342,
    2.6712000370025635,
    2.6702721118927,
    2.6712639331817627,
    2.6695361137390137,
    2.6712639331817627,
    2.669696092605591,
    2.669951915740967,
    2.6706559658050537,
    2.6706879138946533,
    2.6709439754486084,
    2.67142391204834,
    2.6707520484924316,
    2.6716480255126953,
    2.6704320907592773,
    2.6791679859161377,
    2.671999931335449,
    2.6691839694976807,
    2.669856071472168,
    2.670016050338745,
    2.670111894607544,
    2.6703040599823,
    2.6721279621124268,
    2.6721599102020264,
    2.670559883117676,
    2.6693758964538574,
    2.675136089324951,
    2.6711039543151855,
    2.6695680618286133,
    2.6705920696258545,
    2.670367956161499,
    2.670975923538208,
    2.673248052597046,
    2.669919967651367,
    2.671583890914917,
    2.6685121059417725,
    2.6689279079437256,
    2.6700479984283447,
    2.6704959869384766,
    2.669951915740967,
    2.6716480255126953,
    2.670367956161499,
    2.6723198890686035,
    2.6694400310516357,
    2.6708478927612305
  ],
  "latency_samples_ms": [
    1.6222399473190308,
    1.6188479661941528,
    1.6121920347213745,
    1.6202239990234375,
    1.6136000156402588,
    1.612287998199463,
    1.6113920211791992,
    1.6102720499038696,
    1.6271040439605713,
    1.6046719551086426,
    1.5970879793167114,
    1.5990400314331055,
    1.597823977470398,
    1.6014399528503418,
    1.5930880308151245,
    1.5980479717254639,
    1.6031039953231812,
    1.598912000656128,
    1.6016000509262085,
    1.5945279598236084,
    1.5988160371780396,
    1.5981119871139526,
    1.5987839698791504,
    1.6034560203552246,
    1.602944016456604,
    1.6011840105056763,
    1.5962239503860474,
    1.6016639471054077,
    1.6017279624938965,
    1.599519968032837,
    1.602112054824829,
    1.5943039655685425,
    1.604032039642334,
    1.5996479988098145,
    1.593567967414856,
    1.6032960414886475,
    1.5971519947052002,
    1.6067520380020142,
    1.599679946899414,
    1.5967680215835571,
    1.602560043334961,
    1.591488003730774,
    1.6057920455932617,
    1.5961920022964478,
    1.6071360111236572,
    1.6002880334854126,
    1.592095971107483,
    1.6009600162506104,
    1.5964800119400024,
    1.599392056465149,
    1.59990394115448,
    1.5925120115280151,
    1.6107200384140015,
    1.5962879657745361,
    1.6019840240478516,
    1.6018879413604736,
    1.5928319692611694,
    1.6042239665985107,
    1.5959999561309814,
    1.6012159585952759,
    1.6072640419006348,
    1.5896639823913574,
    1.5999360084533691,
    1.5933760404586792,
    1.6000640392303467,
    1.5983359813690186,
    1.591871976852417,
    1.6017279624938965,
    1.6019519567489624,
    1.6048959493637085,
    1.5960639715194702,
    1.6087679862976074,
    1.6299840211868286,
    1.6215039491653442,
    1.6302080154418945,
    1.6196800470352173,
    1.6205120086669922,
    1.6224000453948975,
    1.6296000480651855,
    1.6301759481430054,
    1.6209280490875244,
    1.6223039627075195,
    1.6248960494995117,
    1.6237119436264038,
    1.6293760538101196,
    1.6278719902038574,
    1.6253759860992432,
    1.6255359649658203,
    1.6247680187225342,
    1.6303679943084717,
    1.6198400259017944,
    1.626431941986084,
    1.6232320070266724,
    1.623487949371338,
    1.6268479824066162,
    1.6182719469070435,
    1.6228480339050293,
    1.6226240396499634,
    1.6342719793319702,
    1.6302080154418945
  ]
}