{
  "compiled": true,
  "correct": true,
  "latency_ms": 26.015039443969727,
  "ref_latency_ms": 2.6576480865478516,
  "speedup": 0.10215814172689609,
  "error": null,
  "stage_s": {
    "reference_import": 0.00021917800040682778,
    "candidate_compile_import": 0.43291034899993974,
    "model_init": 0.00015472599989152513,
    "correctness": 1.5992509540001265,
    "reference_benchmark": 0.29531605299962393,
    "candidate_benchmark": 2.8648773889999575,
    "total": 7.053811855000276
  },
  "correctness_trials_requested": 5,
  "correctness_trials_executed": 5,
  "warmup": 10,
  "timing_iters": 100,
  "compile_attempts": 1,
  "profile_runs": 220,
  "ref_latency_samples_ms": [
    2.670111894607544,
    2.654304027557373,
    2.6560959815979004,
    2.6547839641571045,
    2.654304027557373,
    2.656320095062256,
    2.656287908554077,
    2.6552000045776367,
    2.6534080505371094,
    2.6543359756469727,
    2.651808023452759,
    2.6621439456939697,
    2.6582720279693604,
    2.656064033508301,
    2.6540799140930176,
    2.6557118892669678,
    2.6545279026031494,
    2.657696008682251,
    2.6542398929595947,
    2.657151937484741,
    2.6610560417175293,
    2.655967950820923,
    2.65830397605896,
    2.654400110244751,
    2.6570560932159424,
    2.6604480743408203,
    2.6657919883728027,
    2.6570239067077637,
    2.6561279296875,
    2.6579840183258057,
    2.656320095062256,
    2.655967950820923,
    2.656831979751587,
    2.658751964569092,
    2.656575918197632,
    2.6601600646972656,
    2.6564159393310547,
    2.6621439456939697,
    2.65664005279541,
    2.656320095062256,
    2.6576321125030518,
    2.6569600105285645,
    2.6564159393310547,
    2.661760091781616,
    2.6584320068359375,
    2.660799980163574,
    2.652928113937378,
    2.658047914505005,
    2.6564478874206543,
    2.6527678966522217,
    2.6585919857025146,
    2.6540799140930176,
    2.6554880142211914,
    2.657952070236206,
    2.6558079719543457,
    2.6548800468444824,
    2.6556479930877686,
    2.652928113937378,
    2.654560089111328,
    2.6547839641571045,
    2.655103921890259,
    2.6557118892669678,
    2.652224063873291,
    2.653280019760132,
    2.6508800983428955,
    2.653088092803955,
    2.653536081314087,
    2.655456066131592,
    2.66812801361084,
    2.666656017303467,
    2.660543918609619,
    2.660223960876465,
    2.659712076187134,
    2.6576640605926514,
    2.6591360569000244,
    2.661407947540283,
    2.658751964569092,
    2.661952018737793,
    2.659519910812378,
    2.6636478900909424,
    2.6587839126586914,
    2.658112049102783,
    2.6585919857025146,
    2.6590399742126465,
    2.6618239879608154,
    2.6631999015808105,
    2.6677119731903076,
    2.6619200706481934,
    2.6640961170196533,
    2.6625919342041016,
    2.678368091583252,
    2.6613759994506836,
    2.66483211517334,
    2.6695680618286133,
    2.663007974624634,
    2.6600959300994873,
    2.6611199378967285,
    2.6597440242767334,
    2.662719964981079,
    2.664128065109253
  ],
  "latency_samples_ms": [
    26.007007598876953,
    25.999103546142578,
    26.000255584716797,
    25.99126434326172,
    26.01919937133789,
    26.030879974365234,
    26.022144317626953,
    26.022687911987305,
    25.99247932434082,
    25.99087905883789,
    25.988767623901367,
    25.999967575073242,
    26.018463134765625,
    26.01456069946289,
    26.019775390625,
    26.01273536682129,
    25.994688034057617,
    25.992671966552734,
    25.9902400970459,
    26.010719299316406,
    26.022207260131836,
    26.02297592163086,
    26.025728225708008,
    26.009952545166016,
    25.99795150756836,
    26.017087936401367,
    26.00726318359375,
    26.03126335144043,
    26.039295196533203,
    26.025535583496094,
    26.026592254638672,
    25.99990463256836,
    26.00102424621582,
    25.996992111206055,
    26.00115203857422,
    26.041791915893555,
    26.02092742919922,
    26.02617645263672,
    26.014144897460938,
    25.98636817932129,
    25.988767623901367,
    25.98784065246582,
    26.009920120239258,
    26.0164794921875,
    26.027103424072266,
    26.01593589782715,
    26.007808685302734,
    26.00649642944336,
    25.995424270629883,
    25.989343643188477,
    26.017696380615234,
    26.019039154052734,
    26.027456283569336,
    26.016511917114258,
    25.993247985839844,
    25.99001693725586,
    25.992704391479492,
    25.989152908325195,
    26.01900863647461,
    26.022560119628906,
    26.019968032836914,
    26.009536743164062,
    25.989599227905273,
    25.984960556030273,
    25.993152618408203,
    26.003456115722656,
    26.024799346923828,
    26.02115249633789,
    26.022783279418945,
    25.999967575073242,
    25.98531150817871,
    25.990591049194336,
    25.98137664794922,
    26.015167236328125,
    26.018911361694336,
    26.018848419189453,
    26.02284812927246,
    26.00432014465332,
    25.997087478637695,
    25.99839973449707,
    26.02422332763672,
    26.0231990814209,
    26.0284481048584,
    26.023679733276367,
    26.014911651611328,
    25.991743087768555,
    25.994367599487305,
    25.996896743774414,
    26.083391189575195,
    26.086687088012695,
    26.090335845947266,
    26.088895797729492,
    26.123327255249023,
    26.090431213378906,
    26.09017562866211,
    26.09212875366211,
    26.093055725097656,
    26.089696884155273,
    26.0928955078125,
    26.093568801879883
  ]
}