{
  "compiled": true,
  "correct": true,
  "latency_ms": 8.919071674346924,
  "ref_latency_ms": 8.862512111663818,
  "speedup": 0.9936585818851773,
  "error": null,
  "stage_s": {
    "reference_import": 0.00024090404622256756,
    "candidate_compile_import": 0.1082619299995713,
    "model_init": 0.00011817499762400985,
    "correctness": 27.02646346302936,
    "reference_benchmark": 0.9836403930094093,
    "candidate_benchmark": 0.9889001660048962,
    "total": 41.314842301013414
  },
  "correctness_trials_requested": 5,
  "correctness_trials_executed": 5,
  "warmup": 10,
  "timing_iters": 100,
  "compile_attempts": 1,
  "profile_runs": 220,
  "ref_latency_samples_ms": [
    8.884448051452637,
    8.886143684387207,
    8.869664192199707,
    8.866815567016602,
    8.862655639648438,
    8.861696243286133,
    8.868224143981934,
    8.861344337463379,
    8.86348819732666,
    8.85536003112793,
    8.865440368652344,
    8.854687690734863,
    8.865056037902832,
    8.858847618103027,
    8.860320091247559,
    8.863936424255371,
    8.849344253540039,
    8.862848281860352,
    8.856512069702148,
    8.86854362487793,
    8.862527847290039,
    8.859199523925781,
    8.858719825744629,
    8.851903915405273,
    8.866496086120605,
    8.862175941467285,
    8.866623878479004,
    8.866047859191895,
    8.863295555114746,
    8.927424430847168,
    8.881535530090332,
    8.874143600463867,
    8.864768028259277,
    8.865280151367188,
    8.86729621887207,
    8.873215675354004,
    8.894144058227539,
    8.874560356140137,
    8.860159873962402,
    8.859968185424805,
    8.860992431640625,
    8.864480018615723,
    8.86246395111084,
    8.86355209350586,
    8.869088172912598,
    8.860544204711914,
    8.865663528442383,
    8.86092758178711,
    8.869600296020508,
    8.857279777526855,
    8.863712310791016,
    8.86025619506836,
    8.863936424255371,
    8.855903625488281,
    8.879263877868652,
    8.874112129211426,
    8.863360404968262,
    8.864895820617676,
    8.855551719665527,
    8.916000366210938,
    8.877792358398438,
    8.87161636352539,
    8.858528137207031,
    8.855487823486328,
    8.855232238769531,
    8.864383697509766,
    8.855423927307129,
    8.859359741210938,
    8.86076831817627,
    8.862431526184082,
    8.857215881347656,
    8.85206413269043,
    8.84870433807373,
    8.864895820617676,
    8.864031791687012,
    8.863295555114746,
    8.859456062316895,
    8.862496376037598,
    8.860511779785156,
    8.859647750854492,
    8.859040260314941,
    8.86195182800293,
    8.86854362487793,
    8.859999656677246,
    8.858464241027832,
    8.864383697509766,
    8.869440078735352,
    8.865728378295898,
    8.860383987426758,
    8.85647964477539,
    8.860896110534668,
    8.858367919921875,
    8.86240005493164,
    8.852543830871582,
    8.864447593688965,
    8.859871864318848,
    8.86240005493164,
    8.857791900634766,
    8.862879753112793,
    8.858176231384277
  ],
  "latency_samples_ms": [
    8.932160377502441,
    8.919039726257324,
    8.922143936157227,
    8.915519714355469,
    8.915360450744629,
    8.920928001403809,
    8.923616409301758,
    8.913472175598145,
    8.913375854492188,
    8.917856216430664,
    8.91808032989502,
    8.910207748413086,
    8.913536071777344,
    8.912032127380371,
    8.924927711486816,
    8.916768074035645,
    8.911999702453613,
    8.918975830078125,
    8.908767700195312,
    8.916000366210938,
    8.912223815917969,
    8.916447639465332,
    8.908672332763672,
    8.901727676391602,
    8.917759895324707,
    8.905407905578613,
    8.914496421813965,
    8.904640197753906,
    8.920415878295898,
    8.913920402526855,
    8.916671752929688,
    8.909088134765625,
    8.91817569732666,
    8.910079956054688,
    8.921536445617676,
    8.908703804016113,
    8.918560028076172,
    8.920576095581055,
    8.912704467773438,
    8.910271644592285,
    8.910623550415039,
    8.917247772216797,
    8.91318416595459,
    8.9203519821167,
    8.90777587890625,
    8.911199569702148,
    8.915936470031738,
    8.909695625305176,
    8.912639617919922,
    8.910143852233887,
    8.928799629211426,
    8.925888061523438,
    8.914815902709961,
    8.922207832336426,
    8.924863815307617,
    8.927871704101562,
    8.929311752319336,
    8.924320220947266,
    8.935872077941895,
    8.919103622436523,
    8.923104286193848,
    8.923680305480957,
    8.92636775970459,
    8.915840148925781,
    8.928319931030273,
    8.921695709228516,
    8.929408073425293,
    8.919584274291992,
    8.921919822692871,
    8.923456192016602,
    8.92198371887207,
    8.928383827209473,
    8.921631813049316,
    8.92745590209961,
    8.922752380371094,
    8.917280197143555,
    8.918880462646484,
    8.937024116516113,
    8.928223609924316,
    8.919615745544434,
    8.92841625213623,
    8.918463706970215,
    8.928511619567871,
    8.917119979858398,
    8.919648170471191,
    8.91859245300293,
    8.928000450134277,
    8.926048278808594,
    8.9236478805542,
    8.919648170471191,
    8.926239967346191,
    8.942879676818848,
    8.926207542419434,
    8.92416000366211,
    8.915743827819824,
    8.921631813049316,
    8.916447639465332,
    8.924223899841309,
    8.923487663269043,
    8.923744201660156
  ]
}