{
  "compiled": true,
  "correct": true,
  "latency_ms": 26.08942413330078,
  "ref_latency_ms": 2.673680067062378,
  "speedup": 0.10248137534203632,
  "error": null,
  "stage_s": {
    "reference_import": 0.00017561999993631616,
    "candidate_compile_import": 0.3509057630008101,
    "model_init": 0.00016354999934264924,
    "correctness": 1.480215219999991,
    "reference_benchmark": 0.2977552010006548,
    "candidate_benchmark": 2.877416980999442,
    "total": 6.846002498999951
  },
  "correctness_trials_requested": 5,
  "correctness_trials_executed": 5,
  "warmup": 10,
  "timing_iters": 100,
  "compile_attempts": 1,
  "profile_runs": 220,
  "ref_latency_samples_ms": [
    2.744256019592285,
    2.6812798976898193,
    2.6735360622406006,
    2.6737279891967773,
    2.6718719005584717,
    2.6731200218200684,
    2.720576047897339,
    2.6794559955596924,
    2.6706879138946533,
    2.6715199947357178,
    2.6718719005584717,
    2.6740798950195312,
    2.704927921295166,
    2.67792010307312,
    2.672991991043091,
    2.670975923538208,
    2.671839952468872,
    2.68937611579895,
    2.6950080394744873,
    2.6774399280548096,
    2.6755518913269043,
    2.6792640686035156,
    2.673919916152954,
    2.6735999584198,
    2.673248052597046,
    2.677567958831787,
    2.670527935028076,
    2.6701760292053223,
    2.670111894607544,
    2.6728639602661133,
    2.6695361137390137,
    2.6761279106140137,
    2.670624017715454,
    2.66975998878479,
    2.682176113128662,
    2.6881279945373535,
    2.6898880004882812,
    2.6886401176452637,
    2.688607931137085,
    2.691135883331299,
    2.689663887023926,
    2.689568042755127,
    2.696255922317505,
    2.674976110458374,
    2.6772799491882324,
    2.672384023666382,
    2.672447919845581,
    2.6722559928894043,
    2.6724801063537598,
    2.6718719005584717,
    2.671776056289673,
    2.6703040599823,
    2.672703981399536,
    2.6738240718841553,
    2.672192096710205,
    2.672032117843628,
    2.670559883117676,
    2.6728320121765137,
    2.6734719276428223,
    2.6706879138946533,
    2.673151969909668,
    2.6708478927612305,
    2.6844160556793213,
    2.6956799030303955,
    2.6741440296173096,
    2.673664093017578,
    2.6724801063537598,
    2.6736960411071777,
    2.6944000720977783,
    2.690079927444458,
    2.671776056289673,
    2.6715519428253174,
    2.673759937286377,
    2.672800064086914,
    2.672960042953491,
    2.67142391204834,
    2.672640085220337,
    2.713344097137451,
    2.6784958839416504,
    2.6740479469299316,
    2.6715199947357178,
    2.6728320121765137,
    2.6721599102020264,
    2.706559896469116,
    2.6820480823516846,
    2.6776959896087646,
    2.6746559143066406,
    2.6695680618286133,
    2.681920051574707,
    2.703968048095703,
    2.67574405670166,
    2.6739840507507324,
    2.6742401123046875,
    2.6731839179992676,
    2.670624017715454,
    2.7092480659484863,
    2.6813440322875977,
    2.6728320121765137,
    2.6755518913269043,
    2.672544002532959
  ],
  "latency_samples_ms": [
    26.17401695251465,
    26.109792709350586,
    26.0850887298584,
    26.087583541870117,
    26.07904052734375,
    26.072063446044922,
    26.078176498413086,
    26.075904846191406,
    26.135007858276367,
    26.129087448120117,
    26.083295822143555,
    26.077760696411133,
    26.085535049438477,
    26.07792091369629,
    26.08278465270996,
    26.07916831970215,
    26.095327377319336,
    26.080575942993164,
    26.08687973022461,
    26.11516761779785,
    26.0797119140625,
    26.084672927856445,
    26.081056594848633,
    26.083232879638672,
    26.125696182250977,
    26.127071380615234,
    26.098304748535156,
    26.088544845581055,
    26.080703735351562,
    26.08799934387207,
    26.078432083129883,
    26.083999633789062,
    26.08550453186035,
    26.10361671447754,
    26.090656280517578,
    26.075359344482422,
    26.07811164855957,
    26.128704071044922,
    26.119935989379883,
    26.11680030822754,
    26.13257598876953,
    26.124704360961914,
    26.11529541015625,
    26.094112396240234,
    26.080991744995117,
    26.08412742614746,
    26.126304626464844,
    26.131391525268555,
    26.1376953125,
    26.137887954711914,
    26.147743225097656,
    26.133983612060547,
    26.131328582763672,
    26.125503540039062,
    26.12396812438965,
    26.090848922729492,
    26.084735870361328,
    26.104511260986328,
    26.081439971923828,
    26.078720092773438,
    26.078367233276367,
    26.07792091369629,
    26.093055725097656,
    26.084064483642578,
    26.092639923095703,
    26.085023880004883,
    26.07651138305664,
    26.123647689819336,
    26.133216857910156,
    26.124799728393555,
    26.125856399536133,
    26.272768020629883,
    26.217376708984375,
    26.165184020996094,
    26.143232345581055,
    26.095775604248047,
    26.085023880004883,
    26.074495315551758,
    26.083616256713867,
    26.08425521850586,
    26.09382438659668,
    26.07948875427246,
    26.07574462890625,
    26.078048706054688,
    26.086336135864258,
    26.090303421020508,
    26.08415985107422,
    26.080671310424805,
    26.139007568359375,
    26.27008056640625,
    26.19161605834961,
    26.246463775634766,
    26.190431594848633,
    26.30620765686035,
    26.111488342285156,
    26.102432250976562,
    26.078624725341797,
    26.082176208496094,
    26.07846450805664,
    26.07792091369629
  ]
}