{
  "compiled": true,
  "correct": true,
  "latency_ms": 1.6769279837608337,
  "ref_latency_ms": 2.6522719860076904,
  "speedup": 1.5816254554113052,
  "error": null,
  "stage_s": {
    "reference_import": 0.00017341900093015283,
    "candidate_compile_import": 0.05400550000013027,
    "model_init": 0.00015170900041994173,
    "correctness": 2.883407579998675,
    "reference_benchmark": 0.2939647759994841,
    "candidate_benchmark": 0.18694640500143578,
    "total": 5.174758469000153
  },
  "correctness_trials_requested": 5,
  "correctness_trials_executed": 5,
  "warmup": 10,
  "timing_iters": 100,
  "compile_attempts": 1,
  "profile_runs": 220,
  "ref_latency_samples_ms": [
    2.6658239364624023,
    2.656383991241455,
    2.654752016067505,
    2.6555519104003906,
    2.6686720848083496,
    2.65449595451355,
    2.6531200408935547,
    2.6548800468444824,
    2.6531200408935547,
    2.657248020172119,
    2.6543679237365723,
    2.653280019760132,
    2.6533761024475098,
    2.6527040004730225,
    2.6532158851623535,
    2.652384042739868,
    2.654560089111328,
    2.6536319255828857,
    2.6521599292755127,
    2.653696060180664,
    2.6515519618988037,
    2.6509439945220947,
    2.651007890701294,
    2.6516799926757812,
    2.6519999504089355,
    2.6518399715423584,
    2.6552319526672363,
    2.650239944458008,
    2.6527678966522217,
    2.6516480445861816,
    2.649888038635254,
    2.6531519889831543,
    2.6572799682617188,
    2.6559998989105225,
    2.655519962310791,
    2.653536081314087,
    2.6589760780334473,
    2.6537280082702637,
    2.6537599563598633,
    2.652992010116577,
    2.6557440757751465,
    2.6543359756469727,
    2.6508800983428955,
    2.637376070022583,
    2.6348800659179688,
    2.635648012161255,
    2.6333439350128174,
    2.6375999450683594,
    2.6366400718688965,
    2.63321590423584,
    2.63590407371521,
    2.634335994720459,
    2.636575937271118,
    2.6342720985412598,
    2.6363840103149414,
    2.637887954711914,
    2.633120059967041,
    2.6364479064941406,
    2.638079881668091,
    2.635999917984009,
    2.6360321044921875,
    2.634079933166504,
    2.6358399391174316,
    2.636672019958496,
    2.635999917984009,
    2.635648012161255,
    2.63590407371521,
    2.6370561122894287,
    2.6356160640716553,
    2.6367359161376953,
    2.640671968460083,
    2.6371519565582275,
    2.636863946914673,
    2.6387200355529785,
    2.6398720741271973,
    2.635648012161255,
    2.6373119354248047,
    2.641792058944702,
    2.6532158851623535,
    2.652224063873291,
    2.6530239582061768,
    2.6541121006011963,
    2.6524159908294678,
    2.6631360054016113,
    2.659424066543579,
    2.6579198837280273,
    2.6565439701080322,
    2.655168056488037,
    2.6541121006011963,
    2.656991958618164,
    2.654047966003418,
    2.65283203125,
    2.651808023452759,
    2.6528000831604004,
    2.651808023452759,
    2.6533119678497314,
    2.652127981185913,
    2.6540160179138184,
    2.65231990814209,
    2.6536641120910645
  ],
  "latency_samples_ms": [
    1.6994880437850952,
    1.6936639547348022,
    1.7079999446868896,
    1.6910719871520996,
    1.6898239850997925,
    1.6920000314712524,
    1.6929279565811157,
    1.691872000694275,
    1.6918400526046753,
    1.6913280487060547,
    1.691391944885254,
    1.6968640089035034,
    1.691872000694275,
    1.6954560279846191,
    1.6953279972076416,
    1.6931840181350708,
    1.694208025932312,
    1.6922240257263184,
    1.693600058555603,
    1.6934399604797363,
    1.6966400146484375,
    1.6924480199813843,
    1.681663990020752,
    1.6792000532150269,
    1.676192045211792,
    1.6764800548553467,
    1.67740797996521,
    1.6796159744262695,
    1.6784319877624512,
    1.679360032081604,
    1.6781120300292969,
    1.6779839992523193,
    1.6777280569076538,
    1.6773120164871216,
    1.6736960411071777,
    1.6788159608840942,
    1.6748160123825073,
    1.6780799627304077,
    1.6784640550613403,
    1.6794240474700928,
    1.6786880493164062,
    1.6752320528030396,
    1.6787840127944946,
    1.6752959489822388,
    1.6761599779129028,
    1.6753920316696167,
    1.6747839450836182,
    1.689471960067749,
    1.677791953086853,
    1.676543951034546,
    1.6753920316696167,
    1.676192045211792,
    1.6752640008926392,
    1.6761280298233032,
    1.674720048904419,
    1.676576018333435,
    1.6785919666290283,
    1.6760319471359253,
    1.675935983657837,
    1.6756800413131714,
    1.6761599779129028,
    1.6756800413131714,
    1.6758719682693481,
    1.6754239797592163,
    1.675487995147705,
    1.6769599914550781,
    1.6742080450057983,
    1.6772480010986328,
    1.6777280569076538,
    1.67740797996521,
    1.6733440160751343,
    1.6748160123825073,
    1.6773760318756104,
    1.678272008895874,
    1.6762559413909912,
    1.6757440567016602,
    1.675711989402771,
    1.6768959760665894,
    1.6767679452896118,
    1.6766079664230347,
    1.6765120029449463,
    1.6837120056152344,
    1.6750719547271729,
    1.6769920587539673,
    1.6870720386505127,
    1.6535359621047974,
    1.6400959491729736,
    1.6424640417099,
    1.6409920454025269,
    1.6368319988250732,
    1.6438720226287842,
    1.6394879817962646,
    1.641983985900879,
    1.63919997215271,
    1.6422079801559448,
    1.640447974205017,
    1.6405760049819946,
    1.6412800550460815,
    1.6404160261154175,
    1.6416640281677246
  ]
}