{
  "compiled": true,
  "correct": true,
  "latency_ms": 2.6723999977111816,
  "ref_latency_ms": 2.67302405834198,
  "speedup": 1.0002335206673152,
  "error": null,
  "stage_s": {
    "reference_import": 0.0002816559999700985,
    "candidate_compile_import": 0.0006815800002186734,
    "model_init": 0.00015494099989155075,
    "correctness": 1.6436153660001764,
    "reference_benchmark": 0.2968189949997395,
    "candidate_benchmark": 0.2967554240003665,
    "total": 4.274237065999841
  },
  "correctness_trials_requested": 5,
  "correctness_trials_executed": 5,
  "warmup": 10,
  "timing_iters": 100,
  "compile_attempts": 1,
  "profile_runs": 220,
  "ref_latency_samples_ms": [
    2.6938560009002686,
    2.681663990020752,
    2.673952102661133,
    2.6740798950195312,
    2.6721279621124268,
    2.6731200218200684,
    2.6710400581359863,
    2.681407928466797,
    2.6736960411071777,
    2.673664093017578,
    2.6735680103302,
    2.673504114151001,
    2.6724159717559814,
    2.6716160774230957,
    2.672447919845581,
    2.6716160774230957,
    2.671328067779541,
    2.679744005203247,
    2.671679973602295,
    2.6726720333099365,
    2.6704959869384766,
    2.6765758991241455,
    2.68940806388855,
    2.689728021621704,
    2.6898880004882812,
    2.674783945083618,
    2.6735680103302,
    2.671776056289673,
    2.670624017715454,
    2.671328067779541,
    2.671488046646118,
    2.6719679832458496,
    2.6731200218200684,
    2.680095911026001,
    2.6694719791412354,
    2.6715199947357178,
    2.672960042953491,
    2.670975923538208,
    2.6718719005584717,
    2.6703360080718994,
    2.6719679832458496,
    2.669663906097412,
    2.6692800521850586,
    2.6700479984283447,
    2.6726720333099365,
    2.671231985092163,
    2.6712000370025635,
    2.678783893585205,
    2.6741440296173096,
    2.6736960411071777,
    2.6711039543151855,
    2.671328067779541,
    2.676032066345215,
    2.6742401123046875,
    2.6723198890686035,
    2.674367904663086,
    2.6751999855041504,
    2.6789119243621826,
    2.6726720333099365,
    2.6715199947357178,
    2.6738240718841553,
    2.672096014022827,
    2.6716480255126953,
    2.6718719005584717,
    2.6764800548553467,
    2.6730880737304688,
    2.6728320121765137,
    2.6864640712738037,
    2.6760640144348145,
    2.678272008895874,
    2.673248052597046,
    2.671231985092163,
    2.6727359294891357,
    2.6764159202575684,
    2.672607898712158,
    2.6719679832458496,
    2.6719040870666504,
    2.6807360649108887,
    2.6752638816833496,
    2.6760001182556152,
    2.670559883117676,
    2.6727359294891357,
    2.67142391204834,
    2.6734719276428223,
    2.6724801063537598,
    2.673504114151001,
    2.6735680103302,
    2.6815359592437744,
    2.6743359565734863,
    2.6744959354400635,
    2.672640085220337,
    2.6720640659332275,
    2.672384023666382,
    2.6741440296173096,
    2.672096014022827,
    2.6755199432373047,
    2.674560070037842,
    2.6825919151306152,
    2.674272060394287,
    2.6773760318756104
  ],
  "latency_samples_ms": [
    2.676543951034546,
    2.6768319606781006,
    2.673248052597046,
    2.6717119216918945,
    2.6720640659332275,
    2.671168088912964,
    2.671168088912964,
    2.6707839965820312,
    2.6721279621124268,
    2.6719040870666504,
    2.6753599643707275,
    2.6726720333099365,
    2.6717441082000732,
    2.671839952468872,
    2.6700479984283447,
    2.6713919639587402,
    2.6735360622406006,
    2.671583890914917,
    2.6717119216918945,
    2.6721279621124268,
    2.6712639331817627,
    2.6737918853759766,
    2.672960042953491,
    2.673759937286377,
    2.671168088912964,
    2.6716480255126953,
    2.6775360107421875,
    2.6701440811157227,
    2.6719679832458496,
    2.669248104095459,
    2.6717441082000732,
    2.6731839179992676,
    2.6731839179992676,
    2.6734399795532227,
    2.6741440296173096,
    2.6705920696258545,
    2.6718719005584717,
    2.672991991043091,
    2.671839952468872,
    2.67193603515625,
    2.6707839965820312,
    2.6719040870666504,
    2.6715199947357178,
    2.674560070037842,
    2.6712000370025635,
    2.671776056289673,
    2.671328067779541,
    2.671488046646118,
    2.67305588722229,
    2.6720640659332275,
    2.677567958831787,
    2.670912027359009,
    2.670624017715454,
    2.6723520755767822,
    2.6717119216918945,
    2.6719679832458496,
    2.6710081100463867,
    2.671328067779541,
    2.672447919845581,
    2.6719040870666504,
    2.6698238849639893,
    2.6707520484924316,
    2.6710400581359863,
    2.674720048904419,
    2.676800012588501,
    2.672096014022827,
    2.6728320121765137,
    2.6730880737304688,
    2.673919916152954,
    2.671999931335449,
    2.6738879680633545,
    2.6726720333099365,
    2.6765120029449463,
    2.6735680103302,
    2.6732161045074463,
    2.672032117843628,
    2.6734399795532227,
    2.6719040870666504,
    2.6712958812713623,
    2.672991991043091,
    2.676896095275879,
    2.6736319065093994,
    2.6731200218200684,
    2.6730880737304688,
    2.672032117843628,
    2.6730239391326904,
    2.6736319065093994,
    2.6737279891967773,
    2.674207925796509,
    2.67958402633667,
    2.6728639602661133,
    2.696000099182129,
    2.690016031265259,
    2.679392099380493,
    2.689120054244995,
    2.683487892150879,
    2.6792960166931152,
    2.6897599697113037,
    2.677504062652588,
    2.6813440322875977
  ]
}