{
  "compiled": true,
  "correct": true,
  "latency_ms": 2.6575359106063843,
  "ref_latency_ms": 2.670736074447632,
  "speedup": 1.0049670688507217,
  "error": null,
  "stage_s": {
    "reference_import": 0.00017485600005784363,
    "candidate_compile_import": 0.00047364800002469565,
    "model_init": 0.00012094800001705153,
    "correctness": 1.427332518000071,
    "reference_benchmark": 0.2963619409999865,
    "candidate_benchmark": 0.2955278279999902,
    "total": 3.7833875049999506
  },
  "correctness_trials_requested": 5,
  "correctness_trials_executed": 5,
  "warmup": 10,
  "timing_iters": 100,
  "compile_attempts": 1,
  "profile_runs": 220,
  "ref_latency_samples_ms": [
    2.6829121112823486,
    2.673248052597046,
    2.6730880737304688,
    2.6704959869384766,
    2.674272060394287,
    2.6739840507507324,
    2.670559883117676,
    2.6696319580078125,
    2.6734399795532227,
    2.670975923538208,
    2.671328067779541,
    2.6708478927612305,
    2.6728639602661133,
    2.6703999042510986,
    2.672032117843628,
    2.6707839965820312,
    2.669408082962036,
    2.671231985092163,
    2.669248104095459,
    2.669503927230835,
    2.668447971343994,
    2.6697919368743896,
    2.670559883117676,
    2.6743040084838867,
    2.6717441082000732,
    2.6716160774230957,
    2.6725120544433594,
    2.670720100402832,
    2.670527935028076,
    2.6689279079437256,
    2.676703929901123,
    2.671072006225586,
    2.670527935028076,
    2.6703999042510986,
    2.6702721118927,
    2.669919967651367,
    2.6718719005584717,
    2.6700799465179443,
    2.670207977294922,
    2.6691839694976807,
    2.6723520755767822,
    2.6685121059417725,
    2.6707520484924316,
    2.6749439239501953,
    2.6703999042510986,
    2.6701440811157227,
    2.6750080585479736,
    2.670207977294922,
    2.6710081100463867,
    2.6687679290771484,
    2.671583890914917,
    2.669503927230835,
    2.670464038848877,
    2.6792640686035156,
    2.6707839965820312,
    2.6702399253845215,
    2.6700799465179443,
    2.6706879138946533,
    2.669408082962036,
    2.671776056289673,
    2.671583890914917,
    2.67193603515625,
    2.672384023666382,
    2.667680025100708,
    2.670464038848877,
    2.6713600158691406,
    2.6683199405670166,
    2.671231985092163,
    2.6696319580078125,
    2.6771199703216553,
    2.6718719005584717,
    2.6732800006866455,
    2.670912027359009,
    2.6725120544433594,
    2.674015998840332,
    2.6698880195617676,
    2.6701760292053223,
    2.671072006225586,
    2.669951915740967,
    2.668704032897949,
    2.6704320907592773,
    2.671231985092163,
    2.667840003967285,
    2.671072006225586,
    2.6690878868103027,
    2.669951915740967,
    2.6700479984283447,
    2.66975998878479,
    2.67305588722229,
    2.668992042541504,
    2.670880079269409,
    2.6694400310516357,
    2.670975923538208,
    2.670912027359009,
    2.671839952468872,
    2.6710081100463867,
    2.6690239906311035,
    2.6698880195617676,
    2.669663906097412,
    2.6719679832458496
  ],
  "latency_samples_ms": [
    2.674175977706909,
    2.670720100402832,
    2.672640085220337,
    2.6713600158691406,
    2.6693758964538574,
    2.668895959854126,
    2.6699841022491455,
    2.668735980987549,
    2.670464038848877,
    2.6701440811157227,
    2.671839952468872,
    2.6733760833740234,
    2.6723520755767822,
    2.67142391204834,
    2.672447919845581,
    2.67142391204834,
    2.671135902404785,
    2.6690878868103027,
    2.6715199947357178,
    2.677664041519165,
    2.6718080043792725,
    2.6703999042510986,
    2.672192096710205,
    2.6684160232543945,
    2.6673920154571533,
    2.672544002532959,
    2.6786880493164062,
    2.668992042541504,
    2.6704320907592773,
    2.674560070037842,
    2.685152053833008,
    2.6881279945373535,
    2.689663887023926,
    2.6888320446014404,
    2.6869759559631348,
    2.686336040496826,
    2.6612160205841064,
    2.6541759967803955,
    2.6540799140930176,
    2.6509439945220947,
    2.650144100189209,
    2.6528639793395996,
    2.6541121006011963,
    2.6529600620269775,
    2.654304027557373,
    2.6547839641571045,
    2.650847911834717,
    2.652127981185913,
    2.653599977493286,
    2.6648640632629395,
    2.6567039489746094,
    2.659775972366333,
    2.656064033508301,
    2.655679941177368,
    2.6550400257110596,
    2.656831979751587,
    2.653536081314087,
    2.6580159664154053,
    2.655456066131592,
    2.674720048904419,
    2.663680076599121,
    2.6570560932159424,
    2.6569600105285645,
    2.655616044998169,
    2.6574079990386963,
    2.6559360027313232,
    2.657599925994873,
    2.656032085418701,
    2.655103921890259,
    2.6555519104003906,
    2.656831979751587,
    2.6576321125030518,
    2.656320095062256,
    2.6574718952178955,
    2.6528000831604004,
    2.6537599563598633,
    2.6570239067077637,
    2.662048101425171,
    2.655263900756836,
    2.6557118892669678,
    2.6560959815979004,
    2.659264087677002,
    2.660991907119751,
    2.6626880168914795,
    2.6569600105285645,
    2.6561601161956787,
    2.6548800468444824,
    2.6752638816833496,
    2.658655881881714,
    2.6527678966522217,
    2.6533761024475098,
    2.6524479389190674,
    2.6525120735168457,
    2.651968002319336,
    2.6552000045776367,
    2.6522560119628906,
    2.6545920372009277,
    2.6552960872650146,
    2.6525440216064453,
    2.653183937072754
  ]
}