{
  "compiled": true,
  "correct": true,
  "latency_ms": 2.6544159650802612,
  "ref_latency_ms": 2.6718239784240723,
  "speedup": 1.0065581331535145,
  "error": null,
  "stage_s": {
    "reference_import": 0.00016083200000593934,
    "candidate_compile_import": 0.0005130799999051305,
    "model_init": 0.00012089200004083978,
    "correctness": 1.4579511200000752,
    "reference_benchmark": 0.2964557170000717,
    "candidate_benchmark": 0.29523457900006633,
    "total": 3.8247230120000495
  },
  "correctness_trials_requested": 5,
  "correctness_trials_executed": 5,
  "warmup": 10,
  "timing_iters": 100,
  "compile_attempts": 1,
  "profile_runs": 220,
  "ref_latency_samples_ms": [
    2.680543899536133,
    2.6752960681915283,
    2.671488046646118,
    2.6686720848083496,
    2.6718080043792725,
    2.6712639331817627,
    2.6722240447998047,
    2.6777920722961426,
    2.6695361137390137,
    2.6719040870666504,
    2.670912027359009,
    2.6702721118927,
    2.6739840507507324,
    2.670464038848877,
    2.6712000370025635,
    2.6717441082000732,
    2.6700479984283447,
    2.679392099380493,
    2.669600009918213,
    2.670975923538208,
    2.670367956161499,
    2.6702721118927,
    2.6703999042510986,
    2.67142391204834,
    2.6699841022491455,
    2.680864095687866,
    2.6737918853759766,
    2.6725120544433594,
    2.674783945083618,
    2.673952102661133,
    2.6755518913269043,
    2.6742401123046875,
    2.672384023666382,
    2.6737279891967773,
    2.673919916152954,
    2.6718719005584717,
    2.6723198890686035,
    2.6726720333099365,
    2.673664093017578,
    2.672544002532959,
    2.6768319606781006,
    2.674015998840332,
    2.673408031463623,
    2.6751999855041504,
    2.6732800006866455,
    2.672895908355713,
    2.6733438968658447,
    2.674880027770996,
    2.6732800006866455,
    2.6704320907592773,
    2.6781439781188965,
    2.669663906097412,
    2.6707520484924316,
    2.670880079269409,
    2.6709439754486084,
    2.67142391204834,
    2.6717441082000732,
    2.672287940979004,
    2.668704032897949,
    2.6725759506225586,
    2.671839952468872,
    2.671328067779541,
    2.670111894607544,
    2.669248104095459,
    2.6712639331817627,
    2.6728639602661133,
    2.671488046646118,
    2.6713919639587402,
    2.671999931335449,
    2.6707520484924316,
    2.670624017715454,
    2.6760001182556152,
    2.672960042953491,
    2.67142391204834,
    2.671679973602295,
    2.670559883117676,
    2.671072006225586,
    2.6686079502105713,
    2.673504114151001,
    2.6703999042510986,
    2.668191909790039,
    2.673664093017578,
    2.6700479984283447,
    2.6695361137390137,
    2.669152021408081,
    2.6709439754486084,
    2.6716160774230957,
    2.6719040870666504,
    2.6716480255126953,
    2.6716480255126953,
    2.672192096710205,
    2.672895908355713,
    2.6722240447998047,
    2.679327964782715,
    2.6720640659332275,
    2.6723520755767822,
    2.672544002532959,
    2.6706559658050537,
    2.671839952468872,
    2.6700479984283447
  ],
  "latency_samples_ms": [
    2.6745920181274414,
    2.6735360622406006,
    2.67193603515625,
    2.6729280948638916,
    2.670975923538208,
    2.671679973602295,
    2.6707839965820312,
    2.6770238876342773,
    2.6733760833740234,
    2.6686720848083496,
    2.6699841022491455,
    2.668447971343994,
    2.669343948364258,
    2.6713919639587402,
    2.667263984680176,
    2.6702721118927,
    2.668639898300171,
    2.6774399280548096,
    2.668639898300171,
    2.6701440811157227,
    2.6688640117645264,
    2.668351888656616,
    2.669951915740967,
    2.67142391204834,
    2.6872000694274902,
    2.6883840560913086,
    2.6845760345458984,
    2.6865599155426025,
    2.6747519969940186,
    2.6558079719543457,
    2.652928113937378,
    2.6520960330963135,
    2.65065598487854,
    2.651520013809204,
    2.6508800983428955,
    2.654911994934082,
    2.6534719467163086,
    2.65446400642395,
    2.652479887008667,
    2.6530239582061768,
    2.6510720252990723,
    2.6522560119628906,
    2.653536081314087,
    2.651520013809204,
    2.650399923324585,
    2.6534719467163086,
    2.649951934814453,
    2.6541759967803955,
    2.650815963745117,
    2.653503894805908,
    2.6523520946502686,
    2.650815963745117,
    2.660799980163574,
    2.651520013809204,
    2.6532480716705322,
    2.660383939743042,
    2.655168056488037,
    2.651423931121826,
    2.6518399715423584,
    2.6703999042510986,
    2.655103921890259,
    2.6570239067077637,
    2.6509439945220947,
    2.651616096496582,
    2.6555519104003906,
    2.652895927429199,
    2.651711940765381,
    2.654304027557373,
    2.6524479389190674,
    2.6513919830322266,
    2.6552319526672363,
    2.6529600620269775,
    2.6543679237365723,
    2.652928113937378,
    2.6518399715423584,
    2.6515519618988037,
    2.6509439945220947,
    2.6513280868530273,
    2.6513919830322266,
    2.653088092803955,
    2.654560089111328,
    2.6533761024475098,
    2.654144048690796,
    2.654655933380127,
    2.650592088699341,
    2.6522560119628906,
    2.652031898498535,
    2.675424098968506,
    2.6824960708618164,
    2.656320095062256,
    2.6542398929595947,
    2.6519041061401367,
    2.6530559062957764,
    2.651423931121826,
    2.652127981185913,
    2.665055990219116,
    2.661407947540283,
    2.6609599590301514,
    2.65881609916687,
    2.6713600158691406
  ]
}