{
  "compiled": true,
  "correct": true,
  "latency_ms": 2.6728800535202026,
  "ref_latency_ms": 2.6723999977111816,
  "speedup": 0.9998203975489327,
  "error": null,
  "stage_s": {
    "reference_import": 0.00016645000005155453,
    "candidate_compile_import": 0.0005028770001445082,
    "model_init": 0.00010863599982258165,
    "correctness": 1.3350518649999685,
    "reference_benchmark": 0.2968077999998968,
    "candidate_benchmark": 0.29681311500007723,
    "total": 3.9346638820002227
  },
  "correctness_trials_requested": 5,
  "correctness_trials_executed": 5,
  "warmup": 10,
  "timing_iters": 100,
  "compile_attempts": 1,
  "profile_runs": 220,
  "ref_latency_samples_ms": [
    2.681119918823242,
    2.6714560985565186,
    2.6727359294891357,
    2.668639898300171,
    2.671839952468872,
    2.671839952468872,
    2.6717441082000732,
    2.6734399795532227,
    2.6710400581359863,
    2.672192096710205,
    2.6705920696258545,
    2.671488046646118,
    2.6771199703216553,
    2.6742401123046875,
    2.6764800548553467,
    2.6744000911712646,
    2.67411208152771,
    2.680351972579956,
    2.675071954727173,
    2.6742401123046875,
    2.6731839179992676,
    2.6758720874786377,
    2.673919916152954,
    2.6730880737304688,
    2.6799681186676025,
    2.672991991043091,
    2.6740798950195312,
    2.6731200218200684,
    2.6767361164093018,
    2.672895908355713,
    2.6736319065093994,
    2.6734399795532227,
    2.6713600158691406,
    2.675424098968506,
    2.679392099380493,
    2.670815944671631,
    2.6758079528808594,
    2.6735680103302,
    2.672895908355713,
    2.6743359565734863,
    2.6735680103302,
    2.6869120597839355,
    2.691904067993164,
    2.6921279430389404,
    2.6910400390625,
    2.6800639629364014,
    2.6721599102020264,
    2.671839952468872,
    2.6706559658050537,
    2.673408031463623,
    2.670720100402832,
    2.6695680618286133,
    2.6694719791412354,
    2.67142391204834,
    2.6718719005584717,
    2.6724801063537598,
    2.6701760292053223,
    2.670815944671631,
    2.6715519428253174,
    2.6710400581359863,
    2.6701440811157227,
    2.6727681159973145,
    2.673919916152954,
    2.6730880737304688,
    2.6717119216918945,
    2.6721599102020264,
    2.670207977294922,
    2.672800064086914,
    2.670815944671631,
    2.671231985092163,
    2.6689600944519043,
    2.6715199947357178,
    2.6712639331817627,
    2.671488046646118,
    2.674272060394287,
    2.6695361137390137,
    2.6700799465179443,
    2.670880079269409,
    2.6712958812713623,
    2.670624017715454,
    2.6729280948638916,
    2.6713600158691406,
    2.670559883117676,
    2.6712958812713623,
    2.670111894607544,
    2.6724801063537598,
    2.6708478927612305,
    2.670880079269409,
    2.671776056289673,
    2.6822400093078613,
    2.6728320121765137,
    2.6723198890686035,
    2.6705920696258545,
    2.6706559658050537,
    2.67305588722229,
    2.673952102661133,
    2.6712000370025635,
    2.6736319065093994,
    2.673919916152954,
    2.670975923538208
  ],
  "latency_samples_ms": [
    2.689824104309082,
    2.676192045211792,
    2.6765120029449463,
    2.672960042953491,
    2.672640085220337,
    2.671679973602295,
    2.6741440296173096,
    2.671072006225586,
    2.6725759506225586,
    2.680095911026001,
    2.6734399795532227,
    2.678528070449829,
    2.6751039028167725,
    2.6735360622406006,
    2.672800064086914,
    2.672640085220337,
    2.6723520755767822,
    2.670912027359009,
    2.6719040870666504,
    2.697567939758301,
    2.6915841102600098,
    2.6923201084136963,
    2.689919948577881,
    2.6936960220336914,
    2.6775360107421875,
    2.6743040084838867,
    2.678272008895874,
    2.6704959869384766,
    2.671168088912964,
    2.6723198890686035,
    2.671839952468872,
    2.67193603515625,
    2.6716160774230957,
    2.6709439754486084,
    2.671583890914917,
    2.6708478927612305,
    2.6726720333099365,
    2.6706879138946533,
    2.670207977294922,
    2.6717119216918945,
    2.6691200733184814,
    2.6724159717559814,
    2.672096014022827,
    2.670559883117676,
    2.6703999042510986,
    2.670815944671631,
    2.6698880195617676,
    2.680000066757202,
    2.6718719005584717,
    2.6724159717559814,
    2.6723198890686035,
    2.671328067779541,
    2.669663906097412,
    2.669503927230835,
    2.672447919845581,
    2.672607898712158,
    2.6707839965820312,
    2.670559883117676,
    2.6702399253845215,
    2.670559883117676,
    2.6719040870666504,
    2.6735680103302,
    2.6732800006866455,
    2.673248052597046,
    2.67523193359375,
    2.6761279106140137,
    2.672800064086914,
    2.6746559143066406,
    2.6743040084838867,
    2.6735360622406006,
    2.670912027359009,
    2.6738879680633545,
    2.67411208152771,
    2.6732800006866455,
    2.6723198890686035,
    2.672032117843628,
    2.6719040870666504,
    2.6724159717559814,
    2.675424098968506,
    2.6784958839416504,
    2.6906559467315674,
    2.675391912460327,
    2.6752960681915283,
    2.6746881008148193,
    2.6743359565734863,
    2.6758720874786377,
    2.6766719818115234,
    2.6828160285949707,
    2.674207925796509,
    2.6737279891967773,
    2.674272060394287,
    2.6738879680633545,
    2.673408031463623,
    2.675071954727173,
    2.6735680103302,
    2.673504114151001,
    2.6759679317474365,
    2.674560070037842,
    2.672032117843628,
    2.669408082962036
  ]
}