{
  "compiled": true,
  "correct": true,
  "latency_ms": 2.67195200920105,
  "ref_latency_ms": 2.672047972679138,
  "speedup": 1.0000359151203906,
  "error": null,
  "stage_s": {
    "reference_import": 0.0002417259997855581,
    "candidate_compile_import": 0.0005530190001081792,
    "model_init": 0.00015266799982782686,
    "correctness": 1.296236814999702,
    "reference_benchmark": 0.2966965250002431,
    "candidate_benchmark": 0.29651215300009426,
    "total": 3.8955629329998374
  },
  "correctness_trials_requested": 5,
  "correctness_trials_executed": 5,
  "warmup": 10,
  "timing_iters": 100,
  "compile_attempts": 1,
  "profile_runs": 220,
  "ref_latency_samples_ms": [
    2.681920051574707,
    2.6816320419311523,
    2.672800064086914,
    2.6702721118927,
    2.6793599128723145,
    2.6728320121765137,
    2.6704320907592773,
    2.6712639331817627,
    2.673248052597046,
    2.674527883529663,
    2.6725120544433594,
    2.679487943649292,
    2.671072006225586,
    2.67193603515625,
    2.6694400310516357,
    2.669503927230835,
    2.673952102661133,
    2.6723198890686035,
    2.6716480255126953,
    2.6773760318756104,
    2.6734719276428223,
    2.6708478927612305,
    2.6703360080718994,
    2.6708478927612305,
    2.6718719005584717,
    2.672607898712158,
    2.6729280948638916,
    2.6691200733184814,
    2.670527935028076,
    2.670815944671631,
    2.6701440811157227,
    2.6722559928894043,
    2.670464038848877,
    2.67142391204834,
    2.672384023666382,
    2.673664093017578,
    2.672703981399536,
    2.6725759506225586,
    2.6725759506225586,
    2.67305588722229,
    2.6751999855041504,
    2.6735999584198,
    2.6730880737304688,
    2.672607898712158,
    2.6712958812713623,
    2.672096014022827,
    2.6728639602661133,
    2.673151969909668,
    2.670975923538208,
    2.671072006225586,
    2.671135902404785,
    2.670111894607544,
    2.6740798950195312,
    2.6704959869384766,
    2.6817920207977295,
    2.670111894607544,
    2.6719040870666504,
    2.7827839851379395,
    2.6780800819396973,
    2.6753599643707275,
    2.6727681159973145,
    2.673504114151001,
    2.6744000911712646,
    2.6729280948638916,
    2.672895908355713,
    2.6737918853759766,
    2.671488046646118,
    2.675136089324951,
    2.66975998878479,
    2.674880027770996,
    2.6718719005584717,
    2.676896095275879,
    2.672895908355713,
    2.6732161045074463,
    2.672192096710205,
    2.6728639602661133,
    2.668895959854126,
    2.670975923538208,
    2.669919967651367,
    2.670367956161499,
    2.669312000274658,
    2.669696092605591,
    2.669696092605591,
    2.6688320636749268,
    2.674783945083618,
    2.669663906097412,
    2.670880079269409,
    2.6709439754486084,
    2.669408082962036,
    2.6708478927612305,
    2.6734399795532227,
    2.671999931335449,
    2.6728639602661133,
    2.6707839965820312,
    2.669663906097412,
    2.670111894607544,
    2.670016050338745,
    2.670880079269409,
    2.6715199947357178,
    2.670624017715454
  ],
  "latency_samples_ms": [
    2.6779839992523193,
    2.670559883117676,
    2.670111894607544,
    2.670527935028076,
    2.668031930923462,
    2.669503927230835,
    2.6699841022491455,
    2.670720100402832,
    2.669152021408081,
    2.6725759506225586,
    2.672096014022827,
    2.671488046646118,
    2.6703999042510986,
    2.6701760292053223,
    2.66975998878479,
    2.680000066757202,
    2.6732800006866455,
    2.670559883117676,
    2.671135902404785,
    2.6726720333099365,
    2.6715199947357178,
    2.6691200733184814,
    2.678272008895874,
    2.674367904663086,
    2.6717119216918945,
    2.6757121086120605,
    2.670464038848877,
    2.6688320636749268,
    2.668735980987549,
    2.670016050338745,
    2.6703040599823,
    2.6712639331817627,
    2.6704959869384766,
    2.6724159717559814,
    2.6697919368743896,
    2.672192096710205,
    2.6703040599823,
    2.6725120544433594,
    2.6725120544433594,
    2.66975998878479,
    2.6712958812713623,
    2.671231985092163,
    2.670880079269409,
    2.6710400581359863,
    2.674367904663086,
    2.671135902404785,
    2.6798720359802246,
    2.6775360107421875,
    2.6750400066375732,
    2.674015998840332,
    2.6737279891967773,
    2.674720048904419,
    2.6724801063537598,
    2.67411208152771,
    2.6738240718841553,
    2.6719040870666504,
    2.6737279891967773,
    2.6737918853759766,
    2.6761600971221924,
    2.670527935028076,
    2.6717441082000732,
    2.672287940979004,
    2.6699841022491455,
    2.674272060394287,
    2.673248052597046,
    2.6775360107421875,
    2.6720640659332275,
    2.6733760833740234,
    2.681727886199951,
    2.673311948776245,
    2.679647922515869,
    2.674272060394287,
    2.6726720333099365,
    2.672703981399536,
    2.6745920181274414,
    2.6708478927612305,
    2.672640085220337,
    2.673504114151001,
    2.672640085220337,
    2.6724159717559814,
    2.673408031463623,
    2.6738879680633545,
    2.671999931335449,
    2.670624017715454,
    2.670559883117676,
    2.671168088912964,
    2.6715519428253174,
    2.6707520484924316,
    2.674207925796509,
    2.6716480255126953,
    2.6697919368743896,
    2.6701760292053223,
    2.6744959354400635,
    2.6712639331817627,
    2.672096014022827,
    2.676959991455078,
    2.671135902404785,
    2.6703360080718994,
    2.6716160774230957,
    2.6695680618286133
  ]
}