{
  "compiled": true,
  "correct": true,
  "latency_ms": 2.6705600023269653,
  "ref_latency_ms": 2.6715680360794067,
  "speedup": 1.0003774615629542,
  "error": null,
  "stage_s": {
    "reference_import": 0.00016222200008542131,
    "candidate_compile_import": 0.000499433999948451,
    "model_init": 0.00011602500001117733,
    "correctness": 1.3792281129999537,
    "reference_benchmark": 0.29653256199992484,
    "candidate_benchmark": 0.29631250599993564,
    "total": 3.7277589629999284
  },
  "correctness_trials_requested": 5,
  "correctness_trials_executed": 5,
  "warmup": 10,
  "timing_iters": 100,
  "compile_attempts": 1,
  "profile_runs": 220,
  "ref_latency_samples_ms": [
    2.679231882095337,
    2.673151969909668,
    2.67142391204834,
    2.671168088912964,
    2.669408082962036,
    2.6712639331817627,
    2.67958402633667,
    2.670880079269409,
    2.6716160774230957,
    2.6723520755767822,
    2.671328067779541,
    2.6692159175872803,
    2.6712000370025635,
    2.6680960655212402,
    2.668639898300171,
    2.6677119731903076,
    2.668287992477417,
    2.676640033721924,
    2.670207977294922,
    2.670815944671631,
    2.6680641174316406,
    2.6699841022491455,
    2.6716160774230957,
    2.670815944671631,
    2.6703999042510986,
    2.6764800548553467,
    2.674527883529663,
    2.6728639602661133,
    2.6729280948638916,
    2.677248001098633,
    2.673856019973755,
    2.675328016281128,
    2.6814401149749756,
    2.672544002532959,
    2.6722559928894043,
    2.6735360622406006,
    2.674463987350464,
    2.673408031463623,
    2.674463987350464,
    2.6783039569854736,
    2.6757121086120605,
    2.674720048904419,
    2.6743040084838867,
    2.6738240718841553,
    2.6746559143066406,
    2.6748158931732178,
    2.6744000911712646,
    2.686784029006958,
    2.6722240447998047,
    2.6752960681915283,
    2.6715199947357178,
    2.672895908355713,
    2.675136089324951,
    2.6751999855041504,
    2.6775360107421875,
    2.6743359565734863,
    2.67305588722229,
    2.6752638816833496,
    2.671776056289673,
    2.670975923538208,
    2.670464038848877,
    2.6723520755767822,
    2.671999931335449,
    2.670559883117676,
    2.6717441082000732,
    2.671776056289673,
    2.6706879138946533,
    2.6708478927612305,
    2.668735980987549,
    2.680864095687866,
    2.6703040599823,
    2.672384023666382,
    2.67903995513916,
    2.669919967651367,
    2.6697919368743896,
    2.6702399253845215,
    2.6698880195617676,
    2.6701440811157227,
    2.6705920696258545,
    2.668992042541504,
    2.669312000274658,
    2.670464038848877,
    2.668735980987549,
    2.671072006225586,
    2.6712639331817627,
    2.6708478927612305,
    2.6693758964538574,
    2.6699841022491455,
    2.6695361137390137,
    2.66812801361084,
    2.6705920696258545,
    2.675935983657837,
    2.6737279891967773,
    2.6714560985565186,
    2.6696319580078125,
    2.67903995513916,
    2.6706559658050537,
    2.6697280406951904,
    2.669408082962036,
    2.6694400310516357
  ],
  "latency_samples_ms": [
    2.6763839721679688,
    2.6733760833740234,
    2.671328067779541,
    2.6698238849639893,
    2.671328067779541,
    2.669951915740967,
    2.6690239906311035,
    2.6690239906311035,
    2.6700479984283447,
    2.6703360080718994,
    2.6688320636749268,
    2.670880079269409,
    2.6739840507507324,
    2.6700479984283447,
    2.6690239906311035,
    2.6707520484924316,
    2.6697280406951904,
    2.669343948364258,
    2.6721279621124268,
    2.6700479984283447,
    2.6698880195617676,
    2.668992042541504,
    2.6795198917388916,
    2.6706559658050537,
    2.674976110458374,
    2.6700479984283447,
    2.6708478927612305,
    2.671072006225586,
    2.671168088912964,
    2.677504062652588,
    2.6704320907592773,
    2.670111894607544,
    2.668287992477417,
    2.6712000370025635,
    2.670016050338745,
    2.6717441082000732,
    2.668384075164795,
    2.670527935028076,
    2.674367904663086,
    2.671679973602295,
    2.6695680618286133,
    2.671488046646118,
    2.671328067779541,
    2.669663906097412,
    2.66812801361084,
    2.672096014022827,
    2.6719040870666504,
    2.674207925796509,
    2.67142391204834,
    2.6707839965820312,
    2.6692159175872803,
    2.6707520484924316,
    2.676352024078369,
    2.6687679290771484,
    2.6712000370025635,
    2.6703360080718994,
    2.6713919639587402,
    2.6705920696258545,
    2.6712639331817627,
    2.6710400581359863,
    2.668544054031372,
    2.674623966217041,
    2.6706879138946533,
    2.6704320907592773,
    2.6715199947357178,
    2.6702399253845215,
    2.672447919845581,
    2.6717119216918945,
    2.6691839694976807,
    2.6692800521850586,
    2.670111894607544,
    2.6701440811157227,
    2.6783359050750732,
    2.6727359294891357,
    2.670016050338745,
    2.6703999042510986,
    2.670111894607544,
    2.669696092605591,
    2.6708478927612305,
    2.672991991043091,
    2.6712639331817627,
    2.6715199947357178,
    2.6701760292053223,
    2.6702721118927,
    2.6705920696258545,
    2.6776959896087646,
    2.6715199947357178,
    2.668544054031372,
    2.667840003967285,
    2.669343948364258,
    2.668735980987549,
    2.668191909790039,
    2.668287992477417,
    2.667840003967285,
    2.6695680618286133,
    2.669663906097412,
    2.6729280948638916,
    2.6696319580078125,
    2.674463987350464,
    2.6709439754486084
  ]
}