{
  "compiled": true,
  "correct": true,
  "latency_ms": 2.7254559993743896,
  "ref_latency_ms": 2.7034080028533936,
  "speedup": 0.9919103458188072,
  "error": null,
  "stage_s": {
    "reference_import": 0.00026404399977764115,
    "candidate_compile_import": 0.0007216620001599949,
    "model_init": 0.00018447100001139916,
    "correctness": 1.8719533970001976,
    "reference_benchmark": 0.3015595640003994,
    "candidate_benchmark": 0.3067288660004124,
    "total": 5.57010547300024
  },
  "correctness_trials_requested": 5,
  "correctness_trials_executed": 5,
  "warmup": 10,
  "timing_iters": 100,
  "compile_attempts": 1,
  "profile_runs": 220,
  "ref_latency_samples_ms": [
    2.7131519317626953,
    2.6939198970794678,
    2.691391944885254,
    2.6895999908447266,
    2.6883199214935303,
    2.691711902618408,
    2.687999963760376,
    2.6947519779205322,
    2.688767910003662,
    2.689728021621704,
    2.701024055480957,
    2.7083840370178223,
    2.708479881286621,
    2.7070400714874268,
    2.710400104522705,
    2.694528102874756,
    2.6879680156707764,
    2.691551923751831,
    2.6916160583496094,
    2.6912319660186768,
    2.689663887023926,
    2.691648006439209,
    2.698591947555542,
    2.6895039081573486,
    2.6923840045928955,
    2.6898880004882812,
    2.690432071685791,
    2.6895360946655273,
    2.6892800331115723,
    2.715264081954956,
    2.7167999744415283,
    2.7158079147338867,
    2.7125439643859863,
    2.709887981414795,
    2.718816041946411,
    2.708767890930176,
    2.709376096725464,
    2.707360029220581,
    2.7086400985717773,
    2.7069759368896484,
    2.7047040462493896,
    2.703360080718994,
    2.7064321041107178,
    2.7040960788726807,
    2.705087900161743,
    2.70579195022583,
    2.706496000289917,
    2.704224109649658,
    2.7056000232696533,
    2.7027199268341064,
    2.703552007675171,
    2.704479932785034,
    2.7037439346313477,
    2.7025599479675293,
    2.7024641036987305,
    2.7028799057006836,
    2.7010560035705566,
    2.7011520862579346,
    2.7042880058288574,
    2.702143907546997,
    2.7054080963134766,
    2.700927972793579,
    2.70415997505188,
    2.702399969100952,
    2.7043840885162354,
    2.705183982849121,
    2.704864025115967,
    2.703455924987793,
    2.7038400173187256,
    2.7027840614318848,
    2.7021119594573975,
    2.7047998905181885,
    2.703808069229126,
    2.7060160636901855,
    2.7039361000061035,
    2.7022719383239746,
    2.7096641063690186,
    2.7004799842834473,
    2.702176094055176,
    2.7016000747680664,
    2.7009921073913574,
    2.701215982437134,
    2.701024055480957,
    2.7021119594573975,
    2.705535888671875,
    2.703200101852417,
    2.70361590385437,
    2.70086407661438,
    2.701375961303711,
    2.703455924987793,
    2.7122879028320312,
    2.7026240825653076,
    2.705024003982544,
    2.704479932785034,
    2.712928056716919,
    2.7037758827209473,
    2.702303886413574,
    2.702752113342285,
    2.7119040489196777,
    2.704576015472412
  ],
  "latency_samples_ms": [
    2.700416088104248,
    2.6903040409088135,
    2.6885759830474854,
    2.6897919178009033,
    2.6881918907165527,
    2.6901121139526367,
    2.693376064300537,
    2.689215898513794,
    2.6877119541168213,
    2.69651198387146,
    2.688767910003662,
    2.690335988998413,
    2.687391996383667,
    2.694528102874756,
    2.6883840560913086,
    2.6907520294189453,
    2.6888959407806396,
    2.6894400119781494,
    2.688512086868286,
    2.689631938934326,
    2.6887359619140625,
    2.6887359619140625,
    2.6892480850219727,
    2.6874239444732666,
    2.6898880004882812,
    2.68886399269104,
    2.7476160526275635,
    2.730560064315796,
    2.732800006866455,
    2.736032009124756,
    2.7204160690307617,
    2.725087881088257,
    2.886496067047119,
    2.8189120292663574,
    2.7808640003204346,
    2.7641279697418213,
    2.758143901824951,
    2.7571840286254883,
    2.746272087097168,
    2.7582719326019287,
    2.737504005432129,
    2.734015941619873,
    2.7291839122772217,
    2.724287986755371,
    2.7220799922943115,
    2.7174720764160156,
    2.7255680561065674,
    2.7297279834747314,
    2.732640027999878,
    2.7300798892974854,
    2.735935926437378,
    2.7310400009155273,
    2.728384017944336,
    2.7316160202026367,
    2.728127956390381,
    2.7414400577545166,
    2.722368001937866,
    2.718656063079834,
    2.718656063079834,
    2.7147839069366455,
    2.729696035385132,
    2.7254080772399902,
    2.7234880924224854,
    2.719167947769165,
    2.7293760776519775,
    2.727423906326294,
    2.7405760288238525,
    2.7277441024780273,
    2.726047992706299,
    2.7252159118652344,
    2.7250239849090576,
    2.729599952697754,
    2.7165119647979736,
    2.717024087905884,
    2.720576047897339,
    2.72326397895813,
    2.7300479412078857,
    2.7211520671844482,
    2.726111888885498,
    2.7305920124053955,
    2.727583885192871,
    2.7271039485931396,
    2.7187840938568115,
    2.730112075805664,
    2.728640079498291,
    2.7261440753936768,
    2.724832057952881,
    2.7326719760894775,
    2.718208074569702,
    2.7371840476989746,
    2.7326080799102783,
    2.7266879081726074,
    2.740351915359497,
    2.725503921508789,
    2.7271039485931396,
    2.7295360565185547,
    2.727328062057495,
    2.725951910018921,
    2.723360061645508,
    2.7247679233551025
  ]
}