{
  "compiled": true,
  "correct": true,
  "latency_ms": 8.750351905822754,
  "ref_latency_ms": 8.821296215057373,
  "speedup": 1.008107594985684,
  "error": null,
  "stage_s": {
    "reference_import": 0.00024242897052317858,
    "candidate_compile_import": 0.0009565509972162545,
    "model_init": 0.00011937000090256333,
    "correctness": 27.407121419964824,
    "reference_benchmark": 0.9764532110420987,
    "candidate_benchmark": 0.9682144949911162,
    "total": 39.422738305991516
  },
  "correctness_trials_requested": 5,
  "correctness_trials_executed": 5,
  "warmup": 10,
  "timing_iters": 100,
  "compile_attempts": 1,
  "profile_runs": 220,
  "ref_latency_samples_ms": [
    8.840576171875,
    8.82595157623291,
    8.823871612548828,
    8.819007873535156,
    8.818528175354004,
    8.823103904724121,
    8.823648452758789,
    8.82198429107666,
    8.819040298461914,
    8.827263832092285,
    8.822751998901367,
    8.826399803161621,
    8.825759887695312,
    8.819168090820312,
    8.820735931396484,
    8.820704460144043,
    8.831104278564453,
    8.82156753540039,
    8.825568199157715,
    8.817536354064941,
    8.825183868408203,
    8.822015762329102,
    8.817055702209473,
    8.82307243347168,
    8.828160285949707,
    8.815263748168945,
    8.815103530883789,
    8.825535774230957,
    8.817407608032227,
    8.819680213928223,
    8.82038402557373,
    8.826080322265625,
    8.815327644348145,
    8.82528018951416,
    8.824959754943848,
    8.817472457885742,
    8.860671997070312,
    8.82646369934082,
    8.814175605773926,
    8.823136329650879,
    8.829183578491211,
    8.8253755569458,
    8.825663566589355,
    8.823328018188477,
    8.826111793518066,
    8.825023651123047,
    8.818816184997559,
    8.829343795776367,
    8.817407608032227,
    8.812895774841309,
    8.82271957397461,
    8.811903953552246,
    8.82044792175293,
    8.82367992401123,
    8.820096015930176,
    8.824640274047852,
    8.815327644348145,
    8.821056365966797,
    8.811424255371094,
    8.821727752685547,
    8.820544242858887,
    8.823424339294434,
    8.818016052246094,
    8.824543952941895,
    8.816800117492676,
    8.817983627319336,
    8.8187837600708,
    8.820832252502441,
    8.82044792175293,
    8.819168090820312,
    8.811391830444336,
    8.80777645111084,
    8.812479972839355,
    8.826815605163574,
    8.823552131652832,
    8.8154878616333,
    8.82755184173584,
    8.811200141906738,
    8.822463989257812,
    8.8156156539917,
    8.823136329650879,
    8.82044792175293,
    8.81708812713623,
    8.823583602905273,
    8.830368041992188,
    8.825663566589355,
    8.820799827575684,
    8.822688102722168,
    8.816736221313477,
    8.821248054504395,
    8.821344375610352,
    8.817760467529297,
    8.819808006286621,
    8.823455810546875,
    8.822943687438965,
    8.806976318359375,
    8.815103530883789,
    8.817184448242188,
    8.821056365966797,
    8.830368041992188
  ],
  "latency_samples_ms": [
    8.792736053466797,
    8.76255989074707,
    8.749055862426758,
    8.7510404586792,
    8.762080192565918,
    8.762880325317383,
    8.750687599182129,
    8.761280059814453,
    8.750080108642578,
    8.744095802307129,
    8.75055980682373,
    8.73532772064209,
    8.74233627319336,
    8.759360313415527,
    8.747039794921875,
    8.757375717163086,
    8.762975692749023,
    8.753888130187988,
    8.737536430358887,
    8.755488395690918,
    8.753631591796875,
    8.747039794921875,
    8.74892807006836,
    8.75830364227295,
    8.75376033782959,
    8.737215995788574,
    8.758208274841309,
    8.75004768371582,
    8.74454402923584,
    8.739487648010254,
    8.753952026367188,
    8.743552207946777,
    8.75772762298584,
    8.757120132446289,
    8.75158405303955,
    8.737471580505371,
    8.751872062683105,
    8.75648021697998,
    8.745856285095215,
    8.755935668945312,
    8.74732780456543,
    8.752960205078125,
    8.746111869812012,
    8.73532772064209,
    8.743712425231934,
    8.73964786529541,
    8.748576164245605,
    8.751520156860352,
    8.751872062683105,
    8.750495910644531,
    8.742879867553711,
    8.747167587280273,
    8.752896308898926,
    8.745984077453613,
    8.743264198303223,
    8.741056442260742,
    8.752703666687012,
    8.75654411315918,
    8.749247550964355,
    8.75494384765625,
    8.750368118286133,
    8.757920265197754,
    8.74892807006836,
    8.746047973632812,
    8.729215621948242,
    8.752287864685059,
    8.76483154296875,
    8.752703666687012,
    8.751615524291992,
    8.755264282226562,
    8.753824234008789,
    8.744768142700195,
    8.752351760864258,
    8.751359939575195,
    8.752544403076172,
    8.75046443939209,
    8.745216369628906,
    8.748543739318848,
    8.748671531677246,
    8.755680084228516,
    8.745535850524902,
    8.749919891357422,
    8.74505615234375,
    8.745344161987305,
    8.743871688842773,
    8.762656211853027,
    8.755328178405762,
    8.750335693359375,
    8.748000144958496,
    8.74499225616455,
    8.754560470581055,
    8.747520446777344,
    8.756064414978027,
    8.738112449645996,
    8.743680000305176,
    8.745216369628906,
    8.741056442260742,
    8.751296043395996,
    8.743583679199219,
    8.749567985534668
  ]
}