{
  "timestamp": "2026-07-17T13:59:38",
  "reference_file": "/home/bi_geum/official_matrix_64/third_party/KernelBench/KernelBench/level1/1_Square_matrix_multiplication_.py",
  "candidate_file": "/home/bi_geum/official_matrix_64/runs/cudaforge_qwen14b_robust_kbench_l12_round1_repeat1_temp0.2/1_Square_matrix_multiplication___rep0/cudaforge_run/20260717_135838_1_Square_matrix_multiplication__vllm_qwen14b/1_Square_matrix_multiplication_/code/kernel_20260717_135844.py",
  "tolerance": 0.001,
  "max_abs_err": 0.0,
  "mean_abs_err": 0.0,
  "ref_latency_ms": {
    "avg": 2.715556812286377,
    "min": 2.7112319469451904,
    "max": 2.7310400009155273,
    "all": [
      2.7310400009155273,
      2.715264081954956,
      2.7147839069366455,
      2.7162880897521973,
      2.7115840911865234,
      2.7138559818267822,
      2.7154879570007324,
      2.71779203414917,
      2.713536024093628,
      2.7165439128875732,
      2.713088035583496,
      2.7120320796966553,
      2.7115840911865234,
      2.7167999744415283,
      2.7213759422302246,
      2.7155520915985107,
      2.712127923965454,
      2.7150399684906006,
      2.71612811088562,
      2.7112319469451904
    ]
  },
  "test_latency_ms": {
    "avg": 26.130387020111083,
    "min": 26.10848045349121,
    "max": 26.18783950805664,
    "all": [
      26.18783950805664,
      26.13007926940918,
      26.127424240112305,
      26.147615432739258,
      26.147008895874023,
      26.116031646728516,
      26.10848045349121,
      26.131807327270508,
      26.12563133239746,
      26.12713623046875,
      26.126047134399414,
      26.15033531188965,
      26.123552322387695,
      26.12339210510254,
      26.109439849853516,
      26.130271911621094,
      26.112159729003906,
      26.116287231445312,
      26.123104095458984,
      26.14409637451172
    ]
  },
  "num_runs": 20,
  "model_init_args": [],
  "model_init_kwargs": {},
  "seed": 100,
  "align_stats": {
    "copied_same_shape": 0,
    "unique_shape_copied": 0,
    "mapped_shape": 0,
    "skipped": 0,
    "pair_aligner": 0,
    "pair_key": "Model->ModelNew"
  },
  "runnable": true,
  "phase": "seed",
  "score": 0.10392332919510018
}