{
  "compiled": true,
  "correct": true,
  "latency_ms": 2.672895908355713,
  "ref_latency_ms": 2.672927975654602,
  "speedup": 1.0000119972120085,
  "error": null,
  "stage_s": {
    "reference_import": 0.00022139599968795665,
    "candidate_compile_import": 0.0005319309998412791,
    "model_init": 0.0001428999999006919,
    "correctness": 1.3248680120000245,
    "reference_benchmark": 0.2967482880003445,
    "candidate_benchmark": 0.2969250109999848,
    "total": 3.859997984000074
  },
  "correctness_trials_requested": 5,
  "correctness_trials_executed": 5,
  "warmup": 10,
  "timing_iters": 100,
  "compile_attempts": 1,
  "profile_runs": 220,
  "ref_latency_samples_ms": [
    2.677248001098633,
    2.672960042953491,
    2.6730239391326904,
    2.6730239391326904,
    2.674367904663086,
    2.6794559955596924,
    2.6739840507507324,
    2.673919916152954,
    2.6781439781188965,
    2.6735999584198,
    2.672384023666382,
    2.6741440296173096,
    2.67193603515625,
    2.6722559928894043,
    2.6735999584198,
    2.6738879680633545,
    2.6723198890686035,
    2.6725120544433594,
    2.672800064086914,
    2.6735999584198,
    2.6728320121765137,
    2.674623966217041,
    2.6724801063537598,
    2.6712639331817627,
    2.674207925796509,
    2.6719679832458496,
    2.6724801063537598,
    2.6718080043792725,
    2.6740479469299316,
    2.672991991043091,
    2.671168088912964,
    2.6725120544433594,
    2.670975923538208,
    2.6774399280548096,
    2.701472043991089,
    2.6893439292907715,
    2.6897919178009033,
    2.6855039596557617,
    2.6737279891967773,
    2.671999931335449,
    2.671776056289673,
    2.673151969909668,
    2.6689279079437256,
    2.6706879138946533,
    2.671231985092163,
    2.6779839992523193,
    2.670815944671631,
    2.6709439754486084,
    2.6706559658050537,
    2.6715519428253174,
    2.6728320121765137,
    2.669663906097412,
    2.670880079269409,
    2.670815944671631,
    2.6735360622406006,
    2.6743040084838867,
    2.671999931335449,
    2.6721279621124268,
    2.6748480796813965,
    2.674015998840332,
    2.6701760292053223,
    2.670527935028076,
    2.6715199947357178,
    2.672447919845581,
    2.6740798950195312,
    2.6742401123046875,
    2.673151969909668,
    2.67142391204834,
    2.671488046646118,
    2.672640085220337,
    2.671488046646118,
    2.6741440296173096,
    2.6730880737304688,
    2.6713919639587402,
    2.6801280975341797,
    2.672607898712158,
    2.6707520484924316,
    2.672287940979004,
    2.6743359565734863,
    2.675071954727173,
    2.671776056289673,
    2.672287940979004,
    2.6743359565734863,
    2.6752960681915283,
    2.6780800819396973,
    2.6742401123046875,
    2.6751039028167725,
    2.6728639602661133,
    2.675839900970459,
    2.672384023666382,
    2.675071954727173,
    2.6737279891967773,
    2.671776056289673,
    2.672895908355713,
    2.6771199703216553,
    2.673151969909668,
    2.6744320392608643,
    2.6720640659332275,
    2.6732161045074463,
    2.669503927230835
  ],
  "latency_samples_ms": [
    2.6804800033569336,
    2.67305588722229,
    2.672800064086914,
    2.673248052597046,
    2.6726720333099365,
    2.670975923538208,
    2.6719679832458496,
    2.6708478927612305,
    2.673408031463623,
    2.6728639602661133,
    2.6712639331817627,
    2.6719040870666504,
    2.670975923538208,
    2.670207977294922,
    2.669343948364258,
    2.6774399280548096,
    2.6730239391326904,
    2.671999931335449,
    2.672384023666382,
    2.6765758991241455,
    2.675424098968506,
    2.6737918853759766,
    2.6724159717559814,
    2.672991991043091,
    2.671679973602295,
    2.680095911026001,
    2.671231985092163,
    2.6717119216918945,
    2.6722559928894043,
    2.668800115585327,
    2.670367956161499,
    2.6715199947357178,
    2.6692800521850586,
    2.671679973602295,
    2.6704320907592773,
    2.671135902404785,
    2.6735999584198,
    2.6723520755767822,
    2.672895908355713,
    2.672640085220337,
    2.678175926208496,
    2.673504114151001,
    2.6724159717559814,
    2.6710081100463867,
    2.6727359294891357,
    2.671488046646118,
    2.6688640117645264,
    2.672544002532959,
    2.671135902404785,
    2.6708478927612305,
    2.6711039543151855,
    2.673151969909668,
    2.672640085220337,
    2.6722240447998047,
    2.671679973602295,
    2.670527935028076,
    2.676032066345215,
    2.672447919845581,
    2.673151969909668,
    2.672096014022827,
    2.671679973602295,
    2.675071954727173,
    2.6731839179992676,
    2.67411208152771,
    2.6731200218200684,
    2.6764800548553467,
    2.674175977706909,
    2.6743359565734863,
    2.672895908355713,
    2.707904100418091,
    2.6990718841552734,
    2.6961278915405273,
    2.6947519779205322,
    2.687648057937622,
    2.691551923751831,
    2.680255889892578,
    2.6811840534210205,
    2.676896095275879,
    2.679935932159424,
    2.678175926208496,
    2.6757760047912598,
    2.6783359050750732,
    2.6718719005584717,
    2.672607898712158,
    2.671488046646118,
    2.669919967651367,
    2.6742401123046875,
    2.675071954727173,
    2.6735680103302,
    2.673664093017578,
    2.6737918853759766,
    2.6738879680633545,
    2.673919916152954,
    2.675584077835083,
    2.67523193359375,
    2.6746881008148193,
    2.6742401123046875,
    2.6723520755767822,
    2.670975923538208,
    2.673759937286377
  ]
}