{
  "compiled": true,
  "correct": true,
  "latency_ms": 1.6785279512405396,
  "ref_latency_ms": 2.6736960411071777,
  "speedup": 1.592881452543668,
  "error": null,
  "stage_s": {
    "reference_import": 0.00016321300063282251,
    "candidate_compile_import": 0.052182356999765034,
    "model_init": 0.00012061899906257167,
    "correctness": 2.6546113599997625,
    "reference_benchmark": 0.29691851500138,
    "candidate_benchmark": 0.18865776900020137,
    "total": 4.941225845999725
  },
  "correctness_trials_requested": 5,
  "correctness_trials_executed": 5,
  "warmup": 10,
  "timing_iters": 100,
  "compile_attempts": 1,
  "profile_runs": 220,
  "ref_latency_samples_ms": [
    2.688352108001709,
    2.6764159202575684,
    2.672192096710205,
    2.672607898712158,
    2.672703981399536,
    2.6732800006866455,
    2.672192096710205,
    2.6737279891967773,
    2.6749439239501953,
    2.670880079269409,
    2.673504114151001,
    2.672607898712158,
    2.675487995147705,
    2.6711039543151855,
    2.6729280948638916,
    2.672544002532959,
    2.674207925796509,
    2.6768319606781006,
    2.6757121086120605,
    2.672447919845581,
    2.672447919845581,
    2.674463987350464,
    2.6702721118927,
    2.6746559143066406,
    2.6744320392608643,
    2.684544086456299,
    2.67574405670166,
    2.6727681159973145,
    2.672544002532959,
    2.673952102661133,
    2.673664093017578,
    2.6717119216918945,
    2.672800064086914,
    2.6763839721679688,
    2.673856019973755,
    2.680799961090088,
    2.6733438968658447,
    2.675071954727173,
    2.673504114151001,
    2.6743040084838867,
    2.671839952468872,
    2.672384023666382,
    2.6733438968658447,
    2.6847360134124756,
    2.6737918853759766,
    2.6740798950195312,
    2.671328067779541,
    2.674880027770996,
    2.6742401123046875,
    2.672960042953491,
    2.678175926208496,
    2.674272060394287,
    2.6717441082000732,
    2.6730880737304688,
    2.6742401123046875,
    2.672384023666382,
    2.670720100402832,
    2.674783945083618,
    2.6727359294891357,
    2.674272060394287,
    2.673151969909668,
    2.6723198890686035,
    2.672607898712158,
    2.672640085220337,
    2.6733760833740234,
    2.6710400581359863,
    2.6743359565734863,
    2.672703981399536,
    2.673919916152954,
    2.674720048904419,
    2.672544002532959,
    2.6720640659332275,
    2.670527935028076,
    2.674463987350464,
    2.675071954727173,
    2.674015998840332,
    2.673408031463623,
    2.6715519428253174,
    2.67411208152771,
    2.67411208152771,
    2.6701440811157227,
    2.6731839179992676,
    2.6735999584198,
    2.6755199432373047,
    2.6744959354400635,
    2.672703981399536,
    2.6743040084838867,
    2.6735999584198,
    2.673856019973755,
    2.6749439239501953,
    2.6723520755767822,
    2.6746881008148193,
    2.6855039596557617,
    2.6753599643707275,
    2.6740479469299316,
    2.679392099380493,
    2.6737918853759766,
    2.6759679317474365,
    2.6731200218200684,
    2.674367904663086
  ],
  "latency_samples_ms": [
    1.7286080121994019,
    1.7102400064468384,
    1.7107199430465698,
    1.7098239660263062,
    1.7082879543304443,
    1.7089279890060425,
    1.7120319604873657,
    1.7246400117874146,
    1.7079360485076904,
    1.7092159986495972,
    1.7094719409942627,
    1.711743950843811,
    1.710528016090393,
    1.7109119892120361,
    1.7070080041885376,
    1.7087680101394653,
    1.7081279754638672,
    1.7102080583572388,
    1.7093759775161743,
    1.7110719680786133,
    1.708832025527954,
    1.7089279890060425,
    1.7186239957809448,
    1.7076799869537354,
    1.7101759910583496,
    1.7161279916763306,
    1.7060480117797852,
    1.7091840505599976,
    1.7093440294265747,
    1.7086399793624878,
    1.7328640222549438,
    1.70905601978302,
    1.7101759910583496,
    1.7112319469451904,
    1.7040959596633911,
    1.7081279754638672,
    1.7065279483795166,
    1.7069439888000488,
    1.7099839448928833,
    1.707584023475647,
    1.7073919773101807,
    1.7058240175247192,
    1.7078720331192017,
    1.6737279891967773,
    1.6712640523910522,
    1.6894079446792603,
    1.6788480281829834,
    1.6713279485702515,
    1.6854079961776733,
    1.6825920343399048,
    1.6718720197677612,
    1.6763520240783691,
    1.6665600538253784,
    1.6681599617004395,
    1.6699199676513672,
    1.6696959733963013,
    1.6715199947357178,
    1.6727360486984253,
    1.6755199432373047,
    1.6694400310516357,
    1.6695040464401245,
    1.6704959869384766,
    1.6731200218200684,
    1.6683199405670166,
    1.668992042541504,
    1.6803840398788452,
    1.6681920289993286,
    1.6694400310516357,
    1.6761280298233032,
    1.6706559658050537,
    1.6782399415969849,
    1.6680320501327515,
    1.6737920045852661,
    1.6696959733963013,
    1.6710079908370972,
    1.6830400228500366,
    1.6744639873504639,
    1.667456030845642,
    1.6713600158691406,
    1.675711989402771,
    1.6698240041732788,
    1.6739840507507324,
    1.6684160232543945,
    1.6765120029449463,
    1.673151969909668,
    1.6720960140228271,
    1.6750400066375732,
    1.6685760021209717,
    1.6716480255126953,
    1.6667840480804443,
    1.6738560199737549,
    1.6689280271530151,
    1.674847960472107,
    1.6697920560836792,
    1.6678400039672852,
    1.6715199947357178,
    1.6788159608840942,
    1.6690560579299927,
    1.6694719791412354,
    1.667199969291687
  ]
}