{
  "compiled": true,
  "correct": true,
  "latency_ms": 2.6725120544433594,
  "ref_latency_ms": 2.6733438968658447,
  "speedup": 1.0003112586231753,
  "error": null,
  "stage_s": {
    "reference_import": 0.00016815300000416755,
    "candidate_compile_import": 0.0004655779999893639,
    "model_init": 0.00012849500001266279,
    "correctness": 1.477708567000036,
    "reference_benchmark": 0.2968535840000186,
    "candidate_benchmark": 0.29671757300002355,
    "total": 3.8903320169999915
  },
  "correctness_trials_requested": 5,
  "correctness_trials_executed": 5,
  "warmup": 10,
  "timing_iters": 100,
  "compile_attempts": 1,
  "profile_runs": 220,
  "ref_latency_samples_ms": [
    2.687488079071045,
    2.6767361164093018,
    2.6750400066375732,
    2.6721599102020264,
    2.6736960411071777,
    2.6733438968658447,
    2.6736960411071777,
    2.6751999855041504,
    2.6744000911712646,
    2.6750080585479736,
    2.675424098968506,
    2.676448106765747,
    2.6774721145629883,
    2.6763200759887695,
    2.6760001182556152,
    2.673311948776245,
    2.6730239391326904,
    2.693727970123291,
    2.676287889480591,
    2.6761279106140137,
    2.674783945083618,
    2.6726720333099365,
    2.6725120544433594,
    2.6746559143066406,
    2.6875839233398438,
    2.674720048904419,
    2.674175977706909,
    2.6791040897369385,
    2.6745920181274414,
    2.677311897277832,
    2.6756160259246826,
    2.67523193359375,
    2.6723198890686035,
    2.6759679317474365,
    2.6735360622406006,
    2.674560070037842,
    2.6737918853759766,
    2.6740798950195312,
    2.6771841049194336,
    2.6763200759887695,
    2.6754560470581055,
    2.6768639087677,
    2.672287940979004,
    2.6725120544433594,
    2.670527935028076,
    2.6714560985565186,
    2.671488046646118,
    2.6735999584198,
    2.67193603515625,
    2.672287940979004,
    2.6728639602661133,
    2.6733438968658447,
    2.6722240447998047,
    2.670975923538208,
    2.68287992477417,
    2.6751039028167725,
    2.6717441082000732,
    2.673408031463623,
    2.6723520755767822,
    2.6730239391326904,
    2.6718080043792725,
    2.6729280948638916,
    2.6737279891967773,
    2.671679973602295,
    2.690016031265259,
    2.6738240718841553,
    2.672607898712158,
    2.673248052597046,
    2.6728320121765137,
    2.673408031463623,
    2.672703981399536,
    2.673151969909668,
    2.6725759506225586,
    2.675136089324951,
    2.67740797996521,
    2.6734719276428223,
    2.6713600158691406,
    2.675071954727173,
    2.6716480255126953,
    2.672991991043091,
    2.6707520484924316,
    2.672096014022827,
    2.6713919639587402,
    2.671999931335449,
    2.672096014022827,
    2.672384023666382,
    2.672607898712158,
    2.6718080043792725,
    2.672032117843628,
    2.6736960411071777,
    2.671231985092163,
    2.670464038848877,
    2.6730880737304688,
    2.672960042953491,
    2.6776959896087646,
    2.671839952468872,
    2.672192096710205,
    2.6715519428253174,
    2.6706559658050537,
    2.6719679832458496
  ],
  "latency_samples_ms": [
    2.679903984069824,
    2.675168037414551,
    2.6747519969940186,
    2.674367904663086,
    2.672960042953491,
    2.672703981399536,
    2.6724801063537598,
    2.6738879680633545,
    2.671839952468872,
    2.6722559928894043,
    2.6735360622406006,
    2.6743040084838867,
    2.672384023666382,
    2.6728639602661133,
    2.675679922103882,
    2.673504114151001,
    2.6720640659332275,
    2.674783945083618,
    2.6751999855041504,
    2.6730239391326904,
    2.6748480796813965,
    2.6756160259246826,
    2.673311948776245,
    2.675839900970459,
    2.674623966217041,
    2.6724801063537598,
    2.6738240718841553,
    2.6743040084838867,
    2.674015998840332,
    2.6752638816833496,
    2.6725120544433594,
    2.67305588722229,
    2.6960320472717285,
    2.6769919395446777,
    2.6764800548553467,
    2.6744000911712646,
    2.674976110458374,
    2.6737918853759766,
    2.671135902404785,
    2.67193603515625,
    2.670720100402832,
    2.6712639331817627,
    2.671776056289673,
    2.671679973602295,
    2.6724159717559814,
    2.6725120544433594,
    2.6706879138946533,
    2.6701760292053223,
    2.6717119216918945,
    2.6723520755767822,
    2.671231985092163,
    2.669663906097412,
    2.6690239906311035,
    2.670815944671631,
    2.6703360080718994,
    2.670975923538208,
    2.6750080585479736,
    2.6717119216918945,
    2.6704320907592773,
    2.6710081100463867,
    2.7014079093933105,
    2.675391912460327,
    2.671231985092163,
    2.672544002532959,
    2.6732800006866455,
    2.674367904663086,
    2.6701760292053223,
    2.67193603515625,
    2.6693758964538574,
    2.6698238849639893,
    2.673919916152954,
    2.6712639331817627,
    2.668800115585327,
    2.6707839965820312,
    2.6694719791412354,
    2.6706879138946533,
    2.669600009918213,
    2.6719679832458496,
    2.6716480255126953,
    2.6723520755767822,
    2.669055938720703,
    2.671583890914917,
    2.6728320121765137,
    2.6791040897369385,
    2.6716480255126953,
    2.6706879138946533,
    2.6704320907592773,
    2.674272060394287,
    2.6736319065093994,
    2.6735360622406006,
    2.671328067779541,
    2.671776056289673,
    2.6723198890686035,
    2.672544002532959,
    2.680704116821289,
    2.672960042953491,
    2.6749439239501953,
    2.6738879680633545,
    2.6718719005584717,
    2.6733438968658447
  ]
}