{
  "compiled": true,
  "correct": true,
  "latency_ms": 2.671887993812561,
  "ref_latency_ms": 2.6721439361572266,
  "speedup": 1.0000957908210442,
  "error": null,
  "stage_s": {
    "reference_import": 0.00016949600001225917,
    "candidate_compile_import": 0.0004648029999998471,
    "model_init": 0.0001130500000954271,
    "correctness": 1.413015253000026,
    "reference_benchmark": 0.29657600699999875,
    "candidate_benchmark": 0.2965424430000212,
    "total": 3.7672687489999817
  },
  "correctness_trials_requested": 5,
  "correctness_trials_executed": 5,
  "warmup": 10,
  "timing_iters": 100,
  "compile_attempts": 1,
  "profile_runs": 220,
  "ref_latency_samples_ms": [
    2.685472011566162,
    2.6740479469299316,
    2.6702399253845215,
    2.6708478927612305,
    2.6715519428253174,
    2.6709439754486084,
    2.6743040084838867,
    2.6738879680633545,
    2.6723198890686035,
    2.6729280948638916,
    2.6735680103302,
    2.6704959869384766,
    2.6702721118927,
    2.670912027359009,
    2.672287940979004,
    2.669343948364258,
    2.671328067779541,
    2.6707520484924316,
    2.6850240230560303,
    2.6728320121765137,
    2.6721599102020264,
    2.674272060394287,
    2.6715519428253174,
    2.6719040870666504,
    2.6731839179992676,
    2.672032117843628,
    2.6725120544433594,
    2.6738240718841553,
    2.6834239959716797,
    2.6721279621124268,
    2.672544002532959,
    2.6732800006866455,
    2.6726720333099365,
    2.6725759506225586,
    2.672800064086914,
    2.6716160774230957,
    2.6719679832458496,
    2.6734719276428223,
    2.6750080585479736,
    2.671231985092163,
    2.672991991043091,
    2.671776056289673,
    2.6748158931732178,
    2.6734399795532227,
    2.6737918853759766,
    2.673408031463623,
    2.671072006225586,
    2.6742401123046875,
    2.672384023666382,
    2.669600009918213,
    2.6701760292053223,
    2.6711039543151855,
    2.672800064086914,
    2.671839952468872,
    2.6776959896087646,
    2.672447919845581,
    2.671776056289673,
    2.6712958812713623,
    2.6700799465179443,
    2.6698880195617676,
    2.669663906097412,
    2.67411208152771,
    2.6713600158691406,
    2.6696319580078125,
    2.6688320636749268,
    2.671839952468872,
    2.6688320636749268,
    2.6713600158691406,
    2.6712000370025635,
    2.6738879680633545,
    2.67193603515625,
    2.6794240474700928,
    2.6684799194335938,
    2.6703999042510986,
    2.6719040870666504,
    2.6717441082000732,
    2.6701760292053223,
    2.670880079269409,
    2.672192096710205,
    2.6702721118927,
    2.6707520484924316,
    2.673248052597046,
    2.6717119216918945,
    2.6704959869384766,
    2.670464038848877,
    2.671776056289673,
    2.670912027359009,
    2.6780800819396973,
    2.6726720333099365,
    2.6750400066375732,
    2.673248052597046,
    2.6773760318756104,
    2.675168037414551,
    2.6751039028167725,
    2.673664093017578,
    2.676095962524414,
    2.672096014022827,
    2.6801600456237793,
    2.672287940979004,
    2.6724801063537598
  ],
  "latency_samples_ms": [
    2.6856319904327393,
    2.673664093017578,
    2.6717441082000732,
    2.6759040355682373,
    2.6720640659332275,
    2.6715199947357178,
    2.674015998840332,
    2.672800064086914,
    2.67142391204834,
    2.671999931335449,
    2.679744005203247,
    2.6719040870666504,
    2.6750400066375732,
    2.6765120029449463,
    2.6725120544433594,
    2.6731839179992676,
    2.669248104095459,
    2.672032117843628,
    2.6725120544433594,
    2.668704032897949,
    2.6704959869384766,
    2.6704959869384766,
    2.6703999042510986,
    2.6698880195617676,
    2.6724801063537598,
    2.67411208152771,
    2.6717441082000732,
    2.6700799465179443,
    2.673248052597046,
    2.6725759506225586,
    2.670815944671631,
    2.671231985092163,
    2.672096014022827,
    2.6704959869384766,
    2.669663906097412,
    2.6715519428253174,
    2.6706559658050537,
    2.6767680644989014,
    2.672192096710205,
    2.6725759506225586,
    2.6729280948638916,
    2.6697280406951904,
    2.671135902404785,
    2.6734719276428223,
    2.670016050338745,
    2.6697280406951904,
    2.671231985092163,
    2.672447919845581,
    2.6722559928894043,
    2.6718080043792725,
    2.6712639331817627,
    2.671999931335449,
    2.672960042953491,
    2.6751999855041504,
    2.670464038848877,
    2.6718719005584717,
    2.6710081100463867,
    2.671168088912964,
    2.6728639602661133,
    2.670464038848877,
    2.671583890914917,
    2.6755518913269043,
    2.670880079269409,
    2.6723198890686035,
    2.670367956161499,
    2.6692159175872803,
    2.6742401123046875,
    2.674015998840332,
    2.6723198890686035,
    2.669856071472168,
    2.6698880195617676,
    2.671679973602295,
    2.6695361137390137,
    2.6707520484924316,
    2.669312000274658,
    2.6705920696258545,
    2.6700479984283447,
    2.6723198890686035,
    2.6695680618286133,
    2.6714560985565186,
    2.6884799003601074,
    2.674463987350464,
    2.6749119758605957,
    2.6718080043792725,
    2.6725759506225586,
    2.6705920696258545,
    2.673311948776245,
    2.6737279891967773,
    2.670016050338745,
    2.67193603515625,
    2.672640085220337,
    2.6721599102020264,
    2.6731200218200684,
    2.6721599102020264,
    2.6695361137390137,
    2.669951915740967,
    2.6721279621124268,
    2.669951915740967,
    2.6728320121765137,
    2.670720100402832
  ]
}